/*
SQLyog Ultimate v11.11 (64 bit)
MySQL - 5.5.28 : Database - internetcafe
*********************************************************************
*/

/*!40101 SET NAMES utf8 */;

/*!40101 SET SQL_MODE=''*/;

/*!40014 SET @OLD_UNIQUE_CHECKS=@@UNIQUE_CHECKS, UNIQUE_CHECKS=0 */;
/*!40014 SET @OLD_FOREIGN_KEY_CHECKS=@@FOREIGN_KEY_CHECKS, FOREIGN_KEY_CHECKS=0 */;
/*!40101 SET @OLD_SQL_MODE=@@SQL_MODE, SQL_MODE='NO_AUTO_VALUE_ON_ZERO' */;
/*!40111 SET @OLD_SQL_NOTES=@@SQL_NOTES, SQL_NOTES=0 */;
CREATE DATABASE /*!32312 IF NOT EXISTS*/`internetcafe` /*!40100 DEFAULT CHARACTER SET utf8 */;

USE `internetcafe`;

/*Table structure for table `classs` */

DROP TABLE IF EXISTS `classs`;

CREATE TABLE `classs` (
  `id` int(11) NOT NULL AUTO_INCREMENT,
  `classs_name` varchar(255) DEFAULT NULL COMMENT '班级名称',
  `grade` int(11) DEFAULT NULL COMMENT '所属年级',
  `create_user` int(11) DEFAULT NULL COMMENT '创建人',
  `create_date` datetime DEFAULT NULL COMMENT '创建时间',
  `del_flag` int(11) DEFAULT NULL,
  PRIMARY KEY (`id`)
) ENGINE=InnoDB AUTO_INCREMENT=6 DEFAULT CHARSET=utf8;

/*Data for the table `classs` */

insert  into `classs`(`id`,`classs_name`,`grade`,`create_user`,`create_date`,`del_flag`) values (1,'大一计算机系(1)班',1,1,'2017-04-22 18:58:09',0),(2,'大一计算机系(2)班',1,1,'2017-04-22 18:58:26',0),(3,'大一计算机系(3)班',1,1,'2017-04-22 18:58:42',0),(4,'大二计算机系(1)班',2,1,'2017-04-22 23:03:22',0),(5,'大二计算机系(2)班',2,1,'2017-04-22 23:03:40',0);

/*Table structure for table `company` */

DROP TABLE IF EXISTS `company`;

CREATE TABLE `company` (
  `id` int(11) NOT NULL AUTO_INCREMENT,
  `name` varchar(255) NOT NULL,
  `parent_id` int(11) DEFAULT NULL,
  `telephone` varchar(50) DEFAULT NULL,
  `email` varchar(50) DEFAULT NULL,
  `address` varchar(255) DEFAULT NULL,
  `create_date` datetime DEFAULT NULL,
  `create_user` int(11) DEFAULT NULL,
  `remark` varchar(255) DEFAULT NULL,
  `del_flag` int(11) DEFAULT NULL,
  PRIMARY KEY (`id`)
) ENGINE=InnoDB AUTO_INCREMENT=2 DEFAULT CHARSET=utf8;

/*Data for the table `company` */

insert  into `company`(`id`,`name`,`parent_id`,`telephone`,`email`,`address`,`create_date`,`create_user`,`remark`,`del_flag`) values (1,'上海电信',NULL,NULL,NULL,NULL,'2016-01-11 14:41:51',1,NULL,0);

/*Table structure for table `computer` */

DROP TABLE IF EXISTS `computer`;

CREATE TABLE `computer` (
  `id` int(11) NOT NULL AUTO_INCREMENT,
  `computer_name` varchar(255) DEFAULT NULL COMMENT '电脑名称',
  `computer_room_id` int(11) DEFAULT NULL COMMENT '电脑房id',
  `seat_row` int(11) DEFAULT NULL COMMENT '行位置',
  `seat_column` int(11) DEFAULT NULL COMMENT '列位置',
  `computer_state` int(11) DEFAULT NULL COMMENT '电脑当前状态',
  `del_flag` int(11) DEFAULT NULL,
  PRIMARY KEY (`id`)
) ENGINE=InnoDB DEFAULT CHARSET=utf8;

/*Data for the table `computer` */

/*Table structure for table `computer_room` */

DROP TABLE IF EXISTS `computer_room`;

CREATE TABLE `computer_room` (
  `id` int(11) NOT NULL AUTO_INCREMENT COMMENT '主键id',
  `computer_room_name` varchar(255) DEFAULT NULL COMMENT '机房名称',
  `block_number` varchar(255) DEFAULT NULL COMMENT '楼号',
  `is_free` int(11) DEFAULT NULL COMMENT '是否空闲 0-否 1-是',
  `create_user` int(11) DEFAULT NULL COMMENT '创建人',
  `create_date` datetime DEFAULT NULL COMMENT '创建时间',
  `del_flag` int(11) DEFAULT NULL COMMENT '是否删除',
  PRIMARY KEY (`id`)
) ENGINE=InnoDB AUTO_INCREMENT=5 DEFAULT CHARSET=utf8;

/*Data for the table `computer_room` */

insert  into `computer_room`(`id`,`computer_room_name`,`block_number`,`is_free`,`create_user`,`create_date`,`del_flag`) values (1,'一号实训室','5号楼',0,1,'2017-04-22 22:47:21',0),(2,'二号实训室','5号楼',0,1,'2017-04-22 22:47:42',0),(3,'三号实训室','5号楼',0,1,'2017-04-22 22:48:05',0),(4,'四号实训室','5号楼',0,1,'2017-04-22 22:48:31',0);

/*Table structure for table `equipment_failure` */

DROP TABLE IF EXISTS `equipment_failure`;

CREATE TABLE `equipment_failure` (
  `id` int(11) NOT NULL,
  `batch` varchar(255) DEFAULT NULL COMMENT '故障批次',
  `computer_room_id` int(11) DEFAULT NULL COMMENT '机房id',
  `failure_num` int(11) DEFAULT NULL COMMENT '故障数量',
  `create_user` int(11) DEFAULT NULL COMMENT '保障人',
  `create_date` datetime DEFAULT NULL COMMENT '保障时间',
  `del_flag` int(11) DEFAULT NULL,
  PRIMARY KEY (`id`)
) ENGINE=InnoDB DEFAULT CHARSET=utf8;

/*Data for the table `equipment_failure` */

/*Table structure for table `equipment_failure_detail` */

DROP TABLE IF EXISTS `equipment_failure_detail`;

CREATE TABLE `equipment_failure_detail` (
  `id` int(11) NOT NULL AUTO_INCREMENT,
  `equipment_failure_id` int(11) DEFAULT NULL COMMENT '故障id',
  `computer_id` int(11) DEFAULT NULL COMMENT '故障机器',
  `failure_type` int(11) DEFAULT NULL COMMENT '故障类型',
  `failure_describe` varchar(255) DEFAULT NULL COMMENT '故障描述',
  `del_flag` int(11) DEFAULT NULL,
  PRIMARY KEY (`id`)
) ENGINE=InnoDB DEFAULT CHARSET=utf8;

/*Data for the table `equipment_failure_detail` */

/*Table structure for table `grade` */

DROP TABLE IF EXISTS `grade`;

CREATE TABLE `grade` (
  `id` int(11) NOT NULL AUTO_INCREMENT,
  `grade_name` varchar(255) DEFAULT NULL COMMENT '年级名称',
  `create_user` int(11) DEFAULT NULL COMMENT '创建人',
  `create_date` datetime DEFAULT NULL COMMENT '创建时间',
  `del_flag` int(11) DEFAULT NULL,
  PRIMARY KEY (`id`)
) ENGINE=InnoDB AUTO_INCREMENT=5 DEFAULT CHARSET=utf8;

/*Data for the table `grade` */

insert  into `grade`(`id`,`grade_name`,`create_user`,`create_date`,`del_flag`) values (1,'大一',1,'2017-04-22 18:52:45',0),(2,'大二',1,'2017-04-22 18:52:56',0),(3,'大三',1,'2017-04-22 18:53:17',0),(4,'大四',1,'2017-04-22 18:53:32',0);

/*Table structure for table `lessons` */

DROP TABLE IF EXISTS `lessons`;

CREATE TABLE `lessons` (
  `id` int(11) NOT NULL AUTO_INCREMENT,
  `lessons_name` varchar(255) DEFAULT NULL COMMENT '课次名称',
  `create_user` int(11) DEFAULT NULL COMMENT '创建人',
  `create_date` datetime DEFAULT NULL COMMENT '创建日期',
  `del_flag` int(11) DEFAULT NULL,
  PRIMARY KEY (`id`)
) ENGINE=InnoDB AUTO_INCREMENT=13 DEFAULT CHARSET=utf8;

/*Data for the table `lessons` */

insert  into `lessons`(`id`,`lessons_name`,`create_user`,`create_date`,`del_flag`) values (1,'第一节课',1,'2017-04-23 09:36:07',0),(2,'第二节课',1,'2017-04-23 09:36:18',0),(3,'第三节课',1,'2017-04-23 09:36:28',0),(4,'第四节课',1,'2017-04-23 09:36:38',0),(5,'第五节课',1,'2017-04-23 09:36:49',0),(6,'第六节课',1,'2017-04-23 09:37:00',0),(7,'第七节课',1,'2017-04-23 09:37:11',0),(8,'第八节课',1,'2017-04-23 09:37:25',0),(9,'第九节课',1,'2017-04-23 09:37:39',0),(10,'第十节课',1,'2017-04-23 09:37:52',0),(11,'第十一节课',1,'2017-04-23 09:38:03',0),(12,'第十二节课',1,'2017-04-23 09:38:16',0);

/*Table structure for table `log_login` */

DROP TABLE IF EXISTS `log_login`;

CREATE TABLE `log_login` (
  `id` int(11) NOT NULL AUTO_INCREMENT,
  `content` varchar(256) DEFAULT NULL,
  `create_ip` varchar(45) DEFAULT NULL,
  `create_user` varchar(45) DEFAULT NULL,
  `create_time` datetime DEFAULT NULL,
  PRIMARY KEY (`id`)
) ENGINE=InnoDB AUTO_INCREMENT=31 DEFAULT CHARSET=utf8;

/*Data for the table `log_login` */

insert  into `log_login`(`id`,`content`,`create_ip`,`create_user`,`create_time`) values (3,'登录成功','127.0.0.1','admin','2017-04-22 13:19:40'),(4,'登录成功','127.0.0.1','admin','2017-04-22 13:38:51'),(5,'登录成功','127.0.0.1','admin','2017-04-22 13:40:35'),(6,'登录成功','127.0.0.1','admin','2017-04-22 13:42:07'),(7,'登录成功','127.0.0.1','admin','2017-04-22 18:35:57'),(8,'登录成功','127.0.0.1','admin','2017-04-22 20:39:49'),(9,'登录成功','127.0.0.1','admin','2017-04-22 21:35:17'),(10,'登录成功','127.0.0.1','admin','2017-04-22 21:40:32'),(11,'登录成功','127.0.0.1','admin','2017-04-22 22:04:53'),(12,'登录成功','127.0.0.1','admin','2017-04-22 22:11:14'),(13,'登录成功','127.0.0.1','admin','2017-04-22 22:15:04'),(14,'登录成功','127.0.0.1','admin','2017-04-22 22:24:08'),(15,'登录成功','127.0.0.1','admin','2017-04-23 09:49:23'),(16,'登录成功','127.0.0.1','admin','2017-04-23 09:59:11'),(17,'登录成功','127.0.0.1','admin','2017-04-23 10:15:15'),(18,'登录成功','127.0.0.1','admin','2017-04-23 10:47:35'),(19,'登录成功','127.0.0.1','admin','2017-04-23 12:11:06'),(20,'登录成功','127.0.0.1','admin','2017-04-23 12:12:53'),(21,'登录成功','127.0.0.1','admin','2017-04-23 12:20:14'),(22,'登录成功','127.0.0.1','admin','2017-04-23 12:26:43'),(23,'登录成功','127.0.0.1','admin','2017-04-23 14:21:04'),(24,'登录成功','127.0.0.1','admin','2017-04-23 14:58:20'),(25,'登录成功','127.0.0.1','admin','2017-04-23 15:51:13'),(26,'登录成功','127.0.0.1','admin','2017-04-23 15:56:09'),(27,'登录成功','127.0.0.1','admin','2017-04-23 15:58:05'),(28,'登录成功','127.0.0.1','admin','2017-04-23 16:04:59'),(29,'登录成功','127.0.0.1','admin','2017-04-23 16:40:07'),(30,'登录成功','127.0.0.1','admin','2017-04-23 21:22:07');

/*Table structure for table `log_visitor` */

DROP TABLE IF EXISTS `log_visitor`;

CREATE TABLE `log_visitor` (
  `id` int(11) NOT NULL AUTO_INCREMENT,
  `url` varchar(256) DEFAULT NULL,
  `parameter` varchar(1024) DEFAULT NULL,
  `create_user` varchar(45) DEFAULT NULL,
  `create_ip` varchar(45) DEFAULT NULL,
  `create_time` varchar(45) DEFAULT NULL,
  PRIMARY KEY (`id`)
) ENGINE=InnoDB AUTO_INCREMENT=1022 DEFAULT CHARSET=utf8;

/*Data for the table `log_visitor` */

insert  into `log_visitor`(`id`,`url`,`parameter`,`create_user`,`create_ip`,`create_time`) values (96,'/internetcafe/log/query_visitor_log.do','{}','admin','127.0.0.1','2017-04-22 13:22:13'),(97,'/internetcafe/log/query_login_log.do','{}','admin','127.0.0.1','2017-04-22 13:22:16'),(98,'/internetcafe/system/role_manage.do','{}','admin','127.0.0.1','2017-04-22 13:22:19'),(99,'/internetcafe/system/edit_role_pop.do','{1492838544153=[]}','admin','127.0.0.1','2017-04-22 13:22:24'),(100,'/internetcafe/system/save_role.do','{id=[], description=[], type=[2], role_name=[学生]}','admin','127.0.0.1','2017-04-22 13:22:44'),(101,'/internetcafe/system/role_manage.do','{Q_LIKE_roleName=[], 1492838565050=[], Q_EQ_type.id=[]}','admin','127.0.0.1','2017-04-22 13:22:45'),(102,'/internetcafe/system/edit_role_pop.do','{1492838572538=[]}','admin','127.0.0.1','2017-04-22 13:22:52'),(103,'/internetcafe/system/save_role.do','{id=[], description=[], type=[2], role_name=[老师]}','admin','127.0.0.1','2017-04-22 13:22:59'),(104,'/internetcafe/system/role_manage.do','{Q_LIKE_roleName=[], 1492838579879=[], Q_EQ_type.id=[]}','admin','127.0.0.1','2017-04-22 13:22:59'),(105,'/internetcafe/system/edit_role_pop.do','{1492838585895=[]}','admin','127.0.0.1','2017-04-22 13:23:05'),(106,'/internetcafe/system/save_role.do','{id=[], description=[], type=[2], role_name=[巡查员]}','admin','127.0.0.1','2017-04-22 13:23:11'),(107,'/internetcafe/system/role_manage.do','{Q_LIKE_roleName=[], 1492838591535=[], Q_EQ_type.id=[]}','admin','127.0.0.1','2017-04-22 13:23:11'),(108,'/internetcafe/system/delete_role.do','{id=[8], _=[1492838591800]}','admin','127.0.0.1','2017-04-22 13:23:24'),(109,'/internetcafe/system/role_manage.do','{Q_LIKE_roleName=[], 1492838604299=[], Q_EQ_type.id=[]}','admin','127.0.0.1','2017-04-22 13:23:24'),(110,'/internetcafe/system/user_manage.do','{}','admin','127.0.0.1','2017-04-22 13:23:31'),(111,'/internetcafe/system/role_manage.do','{}','admin','127.0.0.1','2017-04-22 13:23:36'),(112,'/internetcafe/system/user_manage.do','{}','admin','127.0.0.1','2017-04-22 13:23:42'),(113,'/internetcafe/system/edit_user_pop.do','{1492838625264=[]}','admin','127.0.0.1','2017-04-22 13:23:45'),(114,'/internetcafe/system/delete_user.do','{id=[2], _=[1492838623042]}','admin','127.0.0.1','2017-04-22 13:23:54'),(115,'/internetcafe/system/user_manage.do','{1492838634794=[], Q_LIKE_username=[]}','admin','127.0.0.1','2017-04-22 13:23:54'),(116,'/internetcafe/system/menu_manage.do','{}','admin','127.0.0.1','2017-04-22 13:24:47'),(117,'/internetcafe/system/user_manage.do','{}','admin','127.0.0.1','2017-04-22 13:24:55'),(118,'/internetcafe/system/role_manage.do','{}','admin','127.0.0.1','2017-04-22 13:27:54'),(119,'/internetcafe/system/user_manage.do','{}','admin','127.0.0.1','2017-04-22 13:28:00'),(120,'/internetcafe/system/edit_user_pop.do','{1492838913205=[]}','admin','127.0.0.1','2017-04-22 13:28:33'),(121,'/internetcafe/system/user_manage.do','{}','admin','127.0.0.1','2017-04-22 13:36:54'),(122,'/internetcafe/system/role_manage.do','{}','admin','127.0.0.1','2017-04-22 13:37:02'),(123,'/internetcafe/system/edit_role_pop.do','{1492839429308=[]}','admin','127.0.0.1','2017-04-22 13:37:09'),(124,'/internetcafe/system/user_manage.do','{}','admin','127.0.0.1','2017-04-22 13:37:14'),(125,'/internetcafe/system/edit_user_pop.do','{1492839439841=[]}','admin','127.0.0.1','2017-04-22 13:37:19'),(126,'/internetcafe/jsp/login.jsp','{}',NULL,'127.0.0.1','2017-04-22 13:38:50'),(127,'/internetcafe/system/user_manage.do','{}','admin','127.0.0.1','2017-04-22 13:38:51'),(128,'/internetcafe/system/edit_user_pop.do','{1492839534790=[]}','admin','127.0.0.1','2017-04-22 13:38:54'),(129,'/internetcafe/system/save_user.do','{id=[], username=[老师账号], password=[ideal@123], roleId=[10]}','admin','127.0.0.1','2017-04-22 13:39:37'),(130,'/internetcafe/system/save_user.do','{id=[], username=[老师账号], password=[ideal@123], roleId=[10]}','admin','127.0.0.1','2017-04-22 13:39:41'),(131,'/internetcafe/jsp/login.jsp','{}',NULL,'127.0.0.1','2017-04-22 13:40:33'),(132,'/internetcafe/system/user_manage.do','{}','admin','127.0.0.1','2017-04-22 13:40:35'),(133,'/internetcafe/system/edit_user_pop.do','{1492839638051=[]}','admin','127.0.0.1','2017-04-22 13:40:38'),(134,'/internetcafe/system/save_user.do','{id=[], username=[老师账号_01], password=[ideal@123], roleId=[10]}','admin','127.0.0.1','2017-04-22 13:40:59'),(135,'/internetcafe/jsp/login.jsp','{}',NULL,'127.0.0.1','2017-04-22 13:42:05'),(136,'/internetcafe/system/user_manage.do','{}','admin','127.0.0.1','2017-04-22 13:42:07'),(137,'/internetcafe/system/edit_user_pop.do','{1492839730498=[]}','admin','127.0.0.1','2017-04-22 13:42:10'),(138,'/internetcafe/system/save_user.do','{id=[], username=[老师账号_01], password=[ideal@123], roleId=[10]}','admin','127.0.0.1','2017-04-22 13:42:19'),(139,'/internetcafe/system/user_manage.do','{}','admin','127.0.0.1','2017-04-22 13:43:20'),(140,'/internetcafe/system/edit_user_pop.do','{1492839803836=[]}','admin','127.0.0.1','2017-04-22 13:43:23'),(141,'/internetcafe/system/save_user.do','{id=[], username=[老师账号_01], password=[ideal@123], roleId=[10]}','admin','127.0.0.1','2017-04-22 13:43:29'),(142,'/internetcafe/system/save_user.do','{id=[], username=[老师账号_01], password=[ideal@123], roleId=[10]}','admin','127.0.0.1','2017-04-22 13:44:10'),(143,'/internetcafe/system/user_manage.do','{1492839851032=[], Q_LIKE_username=[]}','admin','127.0.0.1','2017-04-22 13:44:11'),(144,'/internetcafe/system/edit_user_pop.do','{id=[3], 1492839854842=[]}','admin','127.0.0.1','2017-04-22 13:44:14'),(145,'/internetcafe/system/edit_user_pop.do','{1492839866585=[]}','admin','127.0.0.1','2017-04-22 13:44:26'),(146,'/internetcafe/system/save_user.do','{id=[], username=[学生账号_01], password=[ideal@123], roleId=[9]}','admin','127.0.0.1','2017-04-22 13:44:38'),(147,'/internetcafe/system/user_manage.do','{1492839879106=[], Q_LIKE_username=[]}','admin','127.0.0.1','2017-04-22 13:44:39'),(148,'/internetcafe/system/menu_manage.do','{}','admin','127.0.0.1','2017-04-22 13:44:47'),(149,'/internetcafe/system/edit_menu_pop.do','{1492839889994=[]}','admin','127.0.0.1','2017-04-22 13:44:50'),(150,'/internetcafe/user/modify_user_password.do','{}','admin','127.0.0.1','2017-04-22 13:45:30'),(151,'/internetcafe/system/role_manage.do','{}','admin','127.0.0.1','2017-04-22 13:46:41'),(152,'/internetcafe/system/user_manage.do','{}','admin','127.0.0.1','2017-04-22 13:46:45'),(153,'/internetcafe/system/edit_user_pop.do','{1492840529801=[]}','admin','127.0.0.1','2017-04-22 13:55:29'),(154,'/internetcafe/system/menu_manage.do','{}','admin','127.0.0.1','2017-04-22 13:55:32'),(155,'/internetcafe/system/edit_menu_pop.do','{id=[12], 1492840541794=[]}','admin','127.0.0.1','2017-04-22 13:55:41'),(156,'/internetcafe/system/edit_menu_pop.do','{1492840548495=[]}','admin','127.0.0.1','2017-04-22 13:55:48'),(157,'/internetcafe/system/save_menu.do','{id=[], parentId=[1], cssClass=[], type=[1], url=[/system/student_manage.do], menuName=[学生管理]}','admin','127.0.0.1','2017-04-22 13:56:06'),(158,'/internetcafe/system/menu_manage.do','{1492840567061=[], Q_LIKE_title=[], Q_EQ_type=[]}','admin','127.0.0.1','2017-04-22 13:56:07'),(159,'/internetcafe/system/role_manage.do','{}','admin','127.0.0.1','2017-04-22 13:56:11'),(160,'/internetcafe/system/authority_role_pop.do','{id=[1], 1492840574718=[]}','admin','127.0.0.1','2017-04-22 13:56:14'),(161,'/internetcafe/system/save_roleMenu.do','{menuIds=[1,11,12,15,26,2,21,22,3,14], roleId=[1]}','admin','127.0.0.1','2017-04-22 13:56:18'),(162,'/internetcafe/system/role_manage.do','{}','admin','127.0.0.1','2017-04-22 13:56:24'),(163,'/internetcafe/system/student_manage.do','{}','admin','127.0.0.1','2017-04-22 13:56:25'),(164,'/internetcafe/jsp/login.jsp','{}',NULL,'127.0.0.1','2017-04-22 18:35:54'),(165,'/internetcafe/system/role_manage.do','{}','admin','127.0.0.1','2017-04-22 18:35:57'),(166,'/internetcafe/system/role_manage.do','{}','admin','127.0.0.1','2017-04-22 18:51:46'),(167,'/internetcafe/system/student_manage.do','{}','admin','127.0.0.1','2017-04-22 18:51:49'),(168,'/internetcafe/system/student_manage.do','{}','admin','127.0.0.1','2017-04-22 18:59:57'),(169,'/internetcafe/system/student_manage.do','{}','admin','127.0.0.1','2017-04-22 19:01:02'),(170,'/internetcafe/system/student_manage.do','{}','admin','127.0.0.1','2017-04-22 19:01:46'),(171,'/internetcafe/system/student_manage.do','{}','admin','127.0.0.1','2017-04-22 19:03:37'),(172,'/internetcafe/system/student_manage.do','{}','admin','127.0.0.1','2017-04-22 19:03:43'),(173,'/internetcafe/system/student_manage.do','{}','admin','127.0.0.1','2017-04-22 19:03:49'),(174,'/internetcafe/jsp/login.jsp','{}',NULL,'127.0.0.1','2017-04-22 20:39:48'),(175,'/internetcafe/system/student_manage.do','{}','admin','127.0.0.1','2017-04-22 20:39:49'),(176,'/internetcafe/system/edit_student_pop.do','{1492864821985=[]}','admin','127.0.0.1','2017-04-22 20:40:22'),(177,'/internetcafe/system/student_manage.do','{}','admin','127.0.0.1','2017-04-22 21:04:49'),(178,'/internetcafe/system/edit_student_pop.do','{1492866292673=[]}','admin','127.0.0.1','2017-04-22 21:04:52'),(179,'/internetcafe/system/edit_student_pop.do','{id=[1], 1492866309202=[]}','admin','127.0.0.1','2017-04-22 21:05:09'),(180,'/internetcafe/system/edit_student_pop.do','{1492866328455=[]}','admin','127.0.0.1','2017-04-22 21:05:28'),(181,'/internetcafe/system/student_manage.do','{}','admin','127.0.0.1','2017-04-22 21:06:23'),(182,'/internetcafe/system/edit_student_pop.do','{1492866386430=[]}','admin','127.0.0.1','2017-04-22 21:06:26'),(183,'/internetcafe/system/edit_student_pop.do','{1492866399129=[]}','admin','127.0.0.1','2017-04-22 21:06:39'),(184,'/internetcafe/system/edit_student_pop.do','{id=[1], 1492866402263=[]}','admin','127.0.0.1','2017-04-22 21:06:42'),(185,'/internetcafe/system/student_manage.do','{}','admin','127.0.0.1','2017-04-22 21:07:18'),(186,'/internetcafe/system/edit_student_pop.do','{1492866454006=[]}','admin','127.0.0.1','2017-04-22 21:07:34'),(187,'/internetcafe/system/student_manage.do','{}','admin','127.0.0.1','2017-04-22 21:08:07'),(188,'/internetcafe/system/edit_student_pop.do','{1492866492888=[]}','admin','127.0.0.1','2017-04-22 21:08:12'),(189,'/internetcafe/system/edit_student_pop.do','{id=[1], 1492866513467=[]}','admin','127.0.0.1','2017-04-22 21:08:33'),(190,'/internetcafe/system/student_manage.do','{}','admin','127.0.0.1','2017-04-22 21:09:20'),(191,'/internetcafe/system/edit_student_pop.do','{id=[1], 1492866562976=[]}','admin','127.0.0.1','2017-04-22 21:09:23'),(192,'/internetcafe/system/student_manage.do','{}','admin','127.0.0.1','2017-04-22 21:10:39'),(193,'/internetcafe/system/edit_student_pop.do','{id=[1], 1492866641704=[]}','admin','127.0.0.1','2017-04-22 21:10:41'),(194,'/internetcafe/system/student_manage.do','{}','admin','127.0.0.1','2017-04-22 21:11:41'),(195,'/internetcafe/system/edit_student_pop.do','{1492866751878=[]}','admin','127.0.0.1','2017-04-22 21:12:31'),(196,'/internetcafe/system/student_manage.do','{}','admin','127.0.0.1','2017-04-22 21:15:27'),(197,'/internetcafe/system/student_manage.do','{}','admin','127.0.0.1','2017-04-22 21:31:28'),(198,'/internetcafe/system/edit_student_pop.do','{1492867891132=[]}','admin','127.0.0.1','2017-04-22 21:31:31'),(199,'/internetcafe/system/save_user.do','{id=[], sex=[0], classsId=[2], gradeId=[2], address=[上海市浦东新区张江镇], age=[20], studentName=[李四]}','admin','127.0.0.1','2017-04-22 21:32:00'),(200,'/internetcafe/system/save_user.do','{id=[], sex=[0], classsId=[2], gradeId=[2], address=[上海市浦东新区张江镇], age=[20], studentName=[李四]}','admin','127.0.0.1','2017-04-22 21:34:13'),(201,'/internetcafe/jsp/login.jsp','{}',NULL,'127.0.0.1','2017-04-22 21:35:14'),(202,'/internetcafe/system/student_manage.do','{}','admin','127.0.0.1','2017-04-22 21:35:17'),(203,'/internetcafe/system/edit_student_pop.do','{1492868120465=[]}','admin','127.0.0.1','2017-04-22 21:35:20'),(204,'/internetcafe/system/save_user.do','{id=[], sex=[0], classsId=[2], gradeId=[2], address=[上海市浦东新区张江镇], age=[20], studentName=[李四]}','admin','127.0.0.1','2017-04-22 21:35:37'),(205,'/internetcafe/system/student_manage.do','{}','admin','127.0.0.1','2017-04-22 21:37:01'),(206,'/internetcafe/system/edit_student_pop.do','{1492868232049=[]}','admin','127.0.0.1','2017-04-22 21:37:12'),(207,'/internetcafe/system/save_student.do','{id=[], sex=[0], classsId=[2], gradeId=[2], address=[上海市浦东新区张江镇], age=[20], studentName=[李四]}','admin','127.0.0.1','2017-04-22 21:37:29'),(208,'/internetcafe/system/edit_student_pop.do','{1492868353553=[]}','admin','127.0.0.1','2017-04-22 21:39:13'),(209,'/internetcafe/system/save_student.do','{id=[], sex=[0], classsId=[2], gradeId=[2], address=[上海市浦东新区张江镇], age=[20], studentName=[李四]}','admin','127.0.0.1','2017-04-22 21:39:21'),(210,'/internetcafe/jsp/login.jsp','{}',NULL,'127.0.0.1','2017-04-22 21:40:29'),(211,'/internetcafe/system/student_manage.do','{}','admin','127.0.0.1','2017-04-22 21:40:32'),(212,'/internetcafe/system/edit_student_pop.do','{1492868435161=[]}','admin','127.0.0.1','2017-04-22 21:40:35'),(213,'/internetcafe/system/save_student.do','{id=[], sex=[0], classsId=[2], gradeId=[2], address=[上海市浦东新区张江镇], age=[20], studentName=[李四]}','admin','127.0.0.1','2017-04-22 21:40:45'),(214,'/internetcafe/system/user_manage.do','{1492868445433=[], Q_LIKE_username=[]}','admin','127.0.0.1','2017-04-22 21:40:45'),(215,'/internetcafe/system/student_manage.do','{}','admin','127.0.0.1','2017-04-22 21:42:10'),(216,'/internetcafe/system/student_manage.do','{}','admin','127.0.0.1','2017-04-22 21:42:32'),(217,'/internetcafe/system/student_manage.do','{}','admin','127.0.0.1','2017-04-22 21:43:59'),(218,'/internetcafe/system/edit_student_pop.do','{1492868642783=[]}','admin','127.0.0.1','2017-04-22 21:44:02'),(219,'/internetcafe/system/save_student.do','{id=[], sex=[1], classsId=[2], gradeId=[2], address=[上海市浦东新区张江镇111], age=[19], studentName=[赵小兰]}','admin','127.0.0.1','2017-04-22 21:44:38'),(220,'/internetcafe/system/user_manage.do','{1492868678572=[], Q_LIKE_username=[]}','admin','127.0.0.1','2017-04-22 21:44:38'),(221,'/internetcafe/system/student_manage.do','{}','admin','127.0.0.1','2017-04-22 21:46:07'),(222,'/internetcafe/system/edit_student_pop.do','{1492868770801=[]}','admin','127.0.0.1','2017-04-22 21:46:10'),(223,'/internetcafe/system/save_student.do','{id=[], sex=[1], classsId=[1], gradeId=[1], address=[123], age=[19], studentName=[aa]}','admin','127.0.0.1','2017-04-22 21:46:28'),(224,'/internetcafe/system/student_manage.do','{1492868788502=[], Q_LIKE_username=[]}','admin','127.0.0.1','2017-04-22 21:46:28'),(225,'/internetcafe/system/menu_manage.do','{}','admin','127.0.0.1','2017-04-22 21:47:54'),(226,'/internetcafe/system/edit_menu_pop.do','{1492868878459=[]}','admin','127.0.0.1','2017-04-22 21:47:58'),(227,'/internetcafe/system/edit_menu_pop.do','{id=[3], 1492868888974=[]}','admin','127.0.0.1','2017-04-22 21:48:09'),(228,'/internetcafe/system/edit_menu_pop.do','{1492868945376=[]}','admin','127.0.0.1','2017-04-22 21:49:05'),(229,'/internetcafe/system/save_menu.do','{id=[], parentId=[], cssClass=[icon-list-alt], type=[1], url=[], menuName=[考勤管理]}','admin','127.0.0.1','2017-04-22 21:49:17'),(230,'/internetcafe/system/menu_manage.do','{Q_LIKE_title=[], 1492868957886=[], Q_EQ_type=[]}','admin','127.0.0.1','2017-04-22 21:49:17'),(231,'/internetcafe/system/role_manage.do','{}','admin','127.0.0.1','2017-04-22 21:49:22'),(232,'/internetcafe/system/authority_role_pop.do','{id=[1], 1492868965534=[]}','admin','127.0.0.1','2017-04-22 21:49:25'),(233,'/internetcafe/system/save_roleMenu.do','{menuIds=[1,11,12,15,26,2,21,22,3,14,27], roleId=[1]}','admin','127.0.0.1','2017-04-22 21:49:27'),(234,'/internetcafe/system/role_manage.do','{}','admin','127.0.0.1','2017-04-22 21:49:31'),(235,'/internetcafe/system/role_manage.do','{}','admin','127.0.0.1','2017-04-22 21:50:17'),(236,'/internetcafe/system/authority_role_pop.do','{id=[1], 1492869039077=[]}','admin','127.0.0.1','2017-04-22 21:50:39'),(237,'/internetcafe/system/save_roleMenu.do','{menuIds=[1,11,12,15,26,2,21,22,3,14,4], roleId=[1]}','admin','127.0.0.1','2017-04-22 21:50:41'),(238,'/internetcafe/system/role_manage.do','{}','admin','127.0.0.1','2017-04-22 21:50:45'),(239,'/internetcafe/system/edit_role_pop.do','{1492869098446=[]}','admin','127.0.0.1','2017-04-22 21:51:38'),(240,'/internetcafe/system/role_manage.do','{}','admin','127.0.0.1','2017-04-22 21:51:44'),(241,'/internetcafe/system/menu_manage.do','{}','admin','127.0.0.1','2017-04-22 21:51:45'),(242,'/internetcafe/system/edit_menu_pop.do','{1492869110026=[]}','admin','127.0.0.1','2017-04-22 21:51:50'),(243,'/internetcafe/system/save_menu.do','{id=[], parentId=[4], cssClass=[], type=[1], url=[/signIn/save_signIn.do], menuName=[考勤登记]}','admin','127.0.0.1','2017-04-22 21:52:58'),(244,'/internetcafe/system/menu_manage.do','{1492869178651=[], Q_LIKE_title=[], Q_EQ_type=[]}','admin','127.0.0.1','2017-04-22 21:52:58'),(245,'/internetcafe/system/role_manage.do','{}','admin','127.0.0.1','2017-04-22 21:53:05'),(246,'/internetcafe/system/authority_role_pop.do','{id=[1], 1492869187938=[]}','admin','127.0.0.1','2017-04-22 21:53:07'),(247,'/internetcafe/system/save_roleMenu.do','{menuIds=[1,11,12,15,26,2,21,22,3,14,4,28], roleId=[1]}','admin','127.0.0.1','2017-04-22 21:53:12'),(248,'/internetcafe/system/role_manage.do','{}','admin','127.0.0.1','2017-04-22 21:53:16'),(249,'/internetcafe/system/role_manage.do','{}','admin','127.0.0.1','2017-04-22 21:55:08'),(250,'/internetcafe/system/role_manage.do','{}','admin','127.0.0.1','2017-04-22 21:56:16'),(251,'/internetcafe/jsp/login.jsp','{}',NULL,'127.0.0.1','2017-04-22 22:04:48'),(252,'/internetcafe/system/menu_manage.do','{}','admin','127.0.0.1','2017-04-22 22:04:53'),(253,'/internetcafe/signIn/signIn_accept.do','{}','admin','127.0.0.1','2017-04-22 22:06:29'),(254,'/internetcafe/system/menu_manage.do','{}','admin','127.0.0.1','2017-04-22 22:06:32'),(255,'/internetcafe/signIn/signIn_accept.do','{}','admin','127.0.0.1','2017-04-22 22:06:35'),(256,'/internetcafe/signIn/signIn_accept.do','{}','admin','127.0.0.1','2017-04-22 22:07:09'),(257,'/internetcafe/signIn/signIn_accept.do','{}','admin','127.0.0.1','2017-04-22 22:08:27'),(258,'/internetcafe/signIn/signIn_accept.do','{}','admin','127.0.0.1','2017-04-22 22:08:33'),(259,'/internetcafe/signIn/signIn_accept.do','{}','admin','127.0.0.1','2017-04-22 22:10:29'),(260,'/internetcafe/signIn/signIn_accept.do','{}','admin','127.0.0.1','2017-04-22 22:11:06'),(261,'/internetcafe/jsp/login.jsp','{}',NULL,'127.0.0.1','2017-04-22 22:11:12'),(262,'/internetcafe/main/home_page.do','{}','admin','127.0.0.1','2017-04-22 22:11:14'),(263,'/internetcafe/signIn/signIn_accept.do','{}','admin','127.0.0.1','2017-04-22 22:11:17'),(264,'/internetcafe/jsp/login.jsp','{}',NULL,'127.0.0.1','2017-04-22 22:15:02'),(265,'/internetcafe/signIn/signIn_accept.do','{}','admin','127.0.0.1','2017-04-22 22:15:04'),(266,'/internetcafe/signIn/signIn_accept.do','{}','admin','127.0.0.1','2017-04-22 22:21:34'),(267,'/internetcafe/jsp/login.jsp','{}','admin','127.0.0.1','2017-04-22 22:21:38'),(268,'/internetcafe/signIn/signIn_accept.do','{}','admin','127.0.0.1','2017-04-22 22:21:41'),(269,'/internetcafe/jsp/login.jsp','{}',NULL,'127.0.0.1','2017-04-22 22:24:06'),(270,'/internetcafe/main/home_page.do','{}','admin','127.0.0.1','2017-04-22 22:24:08'),(271,'/internetcafe/signIn/signIn_accept.do','{}','admin','127.0.0.1','2017-04-22 22:24:12'),(272,'/internetcafe/signIn/signIn_accept.do','{}','admin','127.0.0.1','2017-04-22 22:25:56'),(273,'/internetcafe/signIn/signIn_accept.do','{}','admin','127.0.0.1','2017-04-22 22:26:46'),(274,'/internetcafe/signIn/signIn_accept.do','{}','admin','127.0.0.1','2017-04-22 22:28:00'),(275,'/internetcafe/signIn/signIn_accept.do','{}','admin','127.0.0.1','2017-04-22 22:33:40'),(276,'/internetcafe/signIn/signIn_accept.do','{}','admin','127.0.0.1','2017-04-22 22:34:33'),(277,'/internetcafe/signIn/signIn_accept.do','{}','admin','127.0.0.1','2017-04-22 22:34:57'),(278,'/internetcafe/signIn/signIn_accept.do','{}','admin','127.0.0.1','2017-04-22 22:35:10'),(279,'/internetcafe/signIn/signIn_accept.do','{}','admin','127.0.0.1','2017-04-22 22:35:52'),(280,'/internetcafe/signIn/signIn_accept.do','{}','admin','127.0.0.1','2017-04-22 22:37:21'),(281,'/internetcafe/system/role_manage.do','{}','admin','127.0.0.1','2017-04-22 22:41:03'),(282,'/internetcafe/system/user_manage.do','{}','admin','127.0.0.1','2017-04-22 22:41:05'),(283,'/internetcafe/system/menu_manage.do','{}','admin','127.0.0.1','2017-04-22 22:41:12'),(284,'/internetcafe/system/student_manage.do','{}','admin','127.0.0.1','2017-04-22 22:41:14'),(285,'/internetcafe/signIn/signIn_accept.do','{}','admin','127.0.0.1','2017-04-22 22:41:19'),(286,'/internetcafe/signIn/signIn_accept.do','{}','admin','127.0.0.1','2017-04-22 22:42:22'),(287,'/internetcafe/signIn/signIn_accept.do','{}','admin','127.0.0.1','2017-04-22 22:43:06'),(288,'/internetcafe/signIn/signIn_accept.do','{}','admin','127.0.0.1','2017-04-22 22:43:12'),(289,'/internetcafe/signIn/signIn_accept.do','{}','admin','127.0.0.1','2017-04-22 22:43:22'),(290,'/internetcafe/signIn/signIn_accept.do','{}','admin','127.0.0.1','2017-04-22 22:43:39'),(291,'/internetcafe/signIn/signIn_accept.do','{}','admin','127.0.0.1','2017-04-22 22:43:42'),(292,'/internetcafe/signIn/signIn_accept.do','{}','admin','127.0.0.1','2017-04-22 22:43:52'),(293,'/internetcafe/signIn/signIn_accept.do','{}','admin','127.0.0.1','2017-04-22 22:44:33'),(294,'/internetcafe/signIn/signIn_accept.do','{}','admin','127.0.0.1','2017-04-22 22:44:38'),(295,'/internetcafe/signIn/signIn_accept.do','{}','admin','127.0.0.1','2017-04-22 22:45:24'),(296,'/internetcafe/signIn/signIn_accept.do','{}','admin','127.0.0.1','2017-04-22 22:59:57'),(297,'/internetcafe/signIn/signIn_accept.do','{}','admin','127.0.0.1','2017-04-22 23:17:42'),(298,'/internetcafe/signIn/signIn_accept.do','{}','admin','127.0.0.1','2017-04-22 23:18:05'),(299,'/internetcafe/signIn/get_classs_by_grade.do','{gradeId=[1]}','admin','127.0.0.1','2017-04-22 23:18:12'),(300,'/internetcafe/signIn/get_classs_by_grade.do','{gradeId=[2]}','admin','127.0.0.1','2017-04-22 23:18:16'),(301,'/internetcafe/signIn/signIn_accept.do','{}','admin','127.0.0.1','2017-04-22 23:33:41'),(302,'/internetcafe/signIn/get_classs_by_grade.do','{gradeId=[1]}','admin','127.0.0.1','2017-04-22 23:33:57'),(303,'/internetcafe/signIn/get_actualNumber_by_classs.do','{classsId=[1]}','admin','127.0.0.1','2017-04-22 23:33:59'),(304,'/internetcafe/signIn/get_actualNumber_by_classs.do','{classsId=[2]}','admin','127.0.0.1','2017-04-22 23:34:01'),(305,'/internetcafe/signIn/get_actualNumber_by_classs.do','{classsId=[3]}','admin','127.0.0.1','2017-04-22 23:34:03'),(306,'/internetcafe/signIn/get_actualNumber_by_classs.do','{classsId=[2]}','admin','127.0.0.1','2017-04-22 23:34:05'),(307,'/internetcafe/signIn/get_actualNumber_by_classs.do','{classsId=[3]}','admin','127.0.0.1','2017-04-22 23:34:07'),(308,'/internetcafe/signIn/signIn_accept.do','{}','admin','127.0.0.1','2017-04-22 23:34:58'),(309,'/internetcafe/signIn/get_classs_by_grade.do','{gradeId=[2]}','admin','127.0.0.1','2017-04-22 23:35:04'),(310,'/internetcafe/signIn/get_actualNumber_by_classs.do','{classsId=[5]}','admin','127.0.0.1','2017-04-22 23:35:06'),(311,'/internetcafe/signIn/get_actualNumber_by_classs.do','{classsId=[4]}','admin','127.0.0.1','2017-04-22 23:35:08'),(312,'/internetcafe/signIn/get_actualNumber_by_classs.do','{classsId=[5]}','admin','127.0.0.1','2017-04-22 23:35:10'),(313,'/internetcafe/signIn/get_classs_by_grade.do','{gradeId=[1]}','admin','127.0.0.1','2017-04-22 23:35:12'),(314,'/internetcafe/signIn/get_actualNumber_by_classs.do','{classsId=[1]}','admin','127.0.0.1','2017-04-22 23:35:13'),(315,'/internetcafe/signIn/signIn_accept.do','{}','admin','127.0.0.1','2017-04-22 23:37:34'),(316,'/internetcafe/signIn/signIn_accept.do','{}','admin','127.0.0.1','2017-04-22 23:38:00'),(317,'/internetcafe/signIn/signIn_accept.do','{}','admin','127.0.0.1','2017-04-22 23:38:53'),(318,'/internetcafe/signIn/signIn_accept.do','{}','admin','127.0.0.1','2017-04-22 23:38:58'),(319,'/internetcafe/signIn/signIn_accept.do','{}','admin','127.0.0.1','2017-04-22 23:38:59'),(320,'/internetcafe/signIn/signIn_accept.do','{}','admin','127.0.0.1','2017-04-22 23:39:26'),(321,'/internetcafe/signIn/signIn_accept.do','{}','admin','127.0.0.1','2017-04-22 23:40:19'),(322,'/internetcafe/signIn/signIn_accept.do','{}','admin','127.0.0.1','2017-04-22 23:48:43'),(323,'/internetcafe/signIn/get_classs_by_grade.do','{gradeId=[2]}','admin','127.0.0.1','2017-04-22 23:48:51'),(324,'/internetcafe/signIn/get_actualNumber_by_classs.do','{classsId=[4]}','admin','127.0.0.1','2017-04-22 23:48:57'),(325,'/internetcafe/signIn/get_classs_by_grade.do','{gradeId=[1]}','admin','127.0.0.1','2017-04-22 23:49:16'),(326,'/internetcafe/signIn/signIn_accept.do','{}','admin','127.0.0.1','2017-04-22 23:51:23'),(327,'/internetcafe/signIn/get_classs_by_grade.do','{gradeId=[1]}','admin','127.0.0.1','2017-04-22 23:51:29'),(328,'/internetcafe/signIn/get_actualNumber_by_classs.do','{classsId=[1]}','admin','127.0.0.1','2017-04-22 23:51:30'),(329,'/internetcafe/signIn/signIn_accept.do','{}','admin','127.0.0.1','2017-04-22 23:51:39'),(330,'/internetcafe/signIn/get_classs_by_grade.do','{gradeId=[2]}','admin','127.0.0.1','2017-04-22 23:51:47'),(331,'/internetcafe/signIn/get_classs_by_grade.do','{gradeId=[1]}','admin','127.0.0.1','2017-04-22 23:51:50'),(332,'/internetcafe/signIn/get_actualNumber_by_classs.do','{classsId=[1]}','admin','127.0.0.1','2017-04-22 23:51:51'),(333,'/internetcafe/signIn/signIn_accept.do','{}','admin','127.0.0.1','2017-04-22 23:52:12'),(334,'/internetcafe/signIn/signIn_accept.do','{}','admin','127.0.0.1','2017-04-22 23:52:19'),(335,'/internetcafe/user/modify_user_password.do','{}','admin','127.0.0.1','2017-04-22 23:52:23'),(336,'/internetcafe/signIn/signIn_accept.do','{}','admin','127.0.0.1','2017-04-22 23:52:26'),(337,'/internetcafe/signIn/get_classs_by_grade.do','{gradeId=[1]}','admin','127.0.0.1','2017-04-22 23:52:30'),(338,'/internetcafe/signIn/get_actualNumber_by_classs.do','{classsId=[1]}','admin','127.0.0.1','2017-04-22 23:52:31'),(339,'/internetcafe/signIn/signIn_accept.do','{}','admin','127.0.0.1','2017-04-22 23:53:19'),(340,'/internetcafe/signIn/signIn_accept.do','{}','admin','127.0.0.1','2017-04-22 23:53:44'),(341,'/internetcafe/signIn/signIn_accept.do','{}','admin','127.0.0.1','2017-04-22 23:54:00'),(342,'/internetcafe/signIn/signIn_accept.do','{}','admin','127.0.0.1','2017-04-22 23:54:10'),(343,'/internetcafe/signIn/get_classs_by_grade.do','{gradeId=[1]}','admin','127.0.0.1','2017-04-22 23:54:30'),(344,'/internetcafe/signIn/get_actualNumber_by_classs.do','{classsId=[1]}','admin','127.0.0.1','2017-04-22 23:54:30'),(345,'/internetcafe/signIn/signIn_accept.do','{}','admin','127.0.0.1','2017-04-22 23:56:20'),(346,'/internetcafe/signIn/signIn_accept.do','{}','admin','127.0.0.1','2017-04-22 23:56:23'),(347,'/internetcafe/signIn/get_classs_by_grade.do','{gradeId=[2]}','admin','127.0.0.1','2017-04-22 23:56:28'),(348,'/internetcafe/signIn/get_actualNumber_by_classs.do','{classsId=[4]}','admin','127.0.0.1','2017-04-22 23:56:29'),(349,'/internetcafe/signIn/get_classs_by_grade.do','{gradeId=[1]}','admin','127.0.0.1','2017-04-22 23:56:31'),(350,'/internetcafe/signIn/get_actualNumber_by_classs.do','{classsId=[1]}','admin','127.0.0.1','2017-04-22 23:56:32'),(351,'/internetcafe/signIn/signIn_accept.do','{}','admin','127.0.0.1','2017-04-22 23:57:02'),(352,'/internetcafe/signIn/signIn_accept.do','{}','admin','127.0.0.1','2017-04-22 23:57:44'),(353,'/internetcafe/signIn/signIn_accept.do','{}','admin','127.0.0.1','2017-04-23 00:01:01'),(354,'/internetcafe/signIn/get_classs_by_grade.do','{gradeId=[1]}','admin','127.0.0.1','2017-04-23 00:01:08'),(355,'/internetcafe/signIn/get_actualNumber_by_classs.do','{classsId=[1]}','admin','127.0.0.1','2017-04-23 00:01:09'),(356,'/internetcafe/signIn/signIn_accept.do','{}','admin','127.0.0.1','2017-04-23 00:01:28'),(357,'/internetcafe/signIn/signIn_accept.do','{}','admin','127.0.0.1','2017-04-23 00:01:56'),(358,'/internetcafe/signIn/get_classs_by_grade.do','{gradeId=[1]}','admin','127.0.0.1','2017-04-23 00:02:14'),(359,'/internetcafe/signIn/get_actualNumber_by_classs.do','{classsId=[1]}','admin','127.0.0.1','2017-04-23 00:02:15'),(360,'/internetcafe/signIn/signIn_accept.do','{}','admin','127.0.0.1','2017-04-23 00:02:36'),(361,'/internetcafe/signIn/signIn_accept.do','{}','admin','127.0.0.1','2017-04-23 00:03:46'),(362,'/internetcafe/signIn/signIn_accept.do','{}','admin','127.0.0.1','2017-04-23 00:04:23'),(363,'/internetcafe/signIn/signIn_accept.do','{}','admin','127.0.0.1','2017-04-23 00:04:41'),(364,'/internetcafe/signIn/signIn_accept.do','{}','admin','127.0.0.1','2017-04-23 00:05:23'),(365,'/internetcafe/signIn/signIn_accept.do','{}','admin','127.0.0.1','2017-04-23 00:05:44'),(366,'/internetcafe/signIn/signIn_accept.do','{}','admin','127.0.0.1','2017-04-23 00:06:18'),(367,'/internetcafe/signIn/signIn_accept.do','{}','admin','127.0.0.1','2017-04-23 00:06:46'),(368,'/internetcafe/signIn/get_classs_by_grade.do','{gradeId=[1]}','admin','127.0.0.1','2017-04-23 00:06:51'),(369,'/internetcafe/signIn/get_actualNumber_by_classs.do','{classsId=[1]}','admin','127.0.0.1','2017-04-23 00:06:52'),(370,'/internetcafe/signIn/signIn_accept.do','{}','admin','127.0.0.1','2017-04-23 00:07:41'),(371,'/internetcafe/signIn/signIn_accept.do','{}','admin','127.0.0.1','2017-04-23 00:20:55'),(372,'/internetcafe/signIn/get_classs_by_grade.do','{gradeId=[2]}','admin','127.0.0.1','2017-04-23 00:21:01'),(373,'/internetcafe/signIn/get_classs_by_grade.do','{gradeId=[1]}','admin','127.0.0.1','2017-04-23 00:21:02'),(374,'/internetcafe/signIn/get_actualNumber_by_classs.do','{classsId=[1]}','admin','127.0.0.1','2017-04-23 00:21:05'),(375,'/internetcafe/jsp/login.jsp;jsessionid=1EB2C3FA87DF30705075919E8F7D6C43','{}',NULL,'127.0.0.1','2017-04-23 09:49:20'),(376,'/internetcafe/signIn/signIn_accept.do','{}','admin','127.0.0.1','2017-04-23 09:49:23'),(377,'/internetcafe/signIn/get_classs_by_grade.do','{gradeId=[1]}','admin','127.0.0.1','2017-04-23 09:50:47'),(378,'/internetcafe/signIn/get_actualNumber_by_classs.do','{classsId=[1]}','admin','127.0.0.1','2017-04-23 09:50:49'),(379,'/internetcafe/signIn/get_actualNumber_by_classs.do','{classsId=[1]}','admin','127.0.0.1','2017-04-23 09:50:53'),(380,'/internetcafe/signIn/signIn_accept.do','{arrivalsNumber=[2], classs=[1, 1], grade=[1], actualNumber=[1], computerRoom=[1], troubleDescribe=[]}','admin','127.0.0.1','2017-04-23 09:51:05'),(381,'/internetcafe/signIn/get_classs_by_grade.do','{gradeId=[1]}','admin','127.0.0.1','2017-04-23 09:51:21'),(382,'/internetcafe/signIn/get_actualNumber_by_classs.do','{classsId=[1]}','admin','127.0.0.1','2017-04-23 09:51:22'),(383,'/internetcafe/signIn/get_actualNumber_by_classs.do','{classsId=[1]}','admin','127.0.0.1','2017-04-23 09:51:23'),(384,'/internetcafe/signIn/signIn_accept.do','{arrivalsNumber=[2], classs=[1, 1], grade=[1], actualNumber=[1], computerRoom=[1], troubleDescribe=[]}','admin','127.0.0.1','2017-04-23 09:51:28'),(385,'/internetcafe/signIn/get_classs_by_grade.do','{gradeId=[1]}','admin','127.0.0.1','2017-04-23 09:54:09'),(386,'/internetcafe/signIn/get_actualNumber_by_classs.do','{classsId=[1]}','admin','127.0.0.1','2017-04-23 09:54:10'),(387,'/internetcafe/signIn/signIn_accept.do','{arrivalsNumber=[2], classs=[1, 1], grade=[1], actualNumber=[1], computerRoom=[1], troubleDescribe=[]}','admin','127.0.0.1','2017-04-23 09:54:22'),(388,'/internetcafe/signIn/signIn_accept.do','{arrivalsNumber=[2], classs=[1, 1], grade=[1], actualNumber=[1], computerRoom=[1], troubleDescribe=[]}','admin','127.0.0.1','2017-04-23 09:55:19'),(389,'/internetcafe/signIn/get_classs_by_grade.do','{gradeId=[1]}','admin','127.0.0.1','2017-04-23 09:55:26'),(390,'/internetcafe/signIn/get_actualNumber_by_classs.do','{classsId=[1]}','admin','127.0.0.1','2017-04-23 09:55:27'),(391,'/internetcafe/signIn/get_actualNumber_by_classs.do','{classsId=[1]}','admin','127.0.0.1','2017-04-23 09:55:29'),(392,'/internetcafe/signIn/signIn_accept.do','{arrivalsNumber=[2], classs=[1, 2], grade=[1], actualNumber=[1], computerRoom=[1], troubleDescribe=[]}','admin','127.0.0.1','2017-04-23 09:55:33'),(393,'/internetcafe/signIn/get_classs_by_grade.do','{gradeId=[2]}','admin','127.0.0.1','2017-04-23 09:56:36'),(394,'/internetcafe/signIn/get_actualNumber_by_classs.do','{classsId=[4]}','admin','127.0.0.1','2017-04-23 09:56:46'),(395,'/internetcafe/signIn/get_actualNumber_by_classs.do','{classsId=[4]}','admin','127.0.0.1','2017-04-23 09:56:47'),(396,'/internetcafe/signIn/get_classs_by_grade.do','{gradeId=[1]}','admin','127.0.0.1','2017-04-23 09:56:51'),(397,'/internetcafe/signIn/get_actualNumber_by_classs.do','{classsId=[1]}','admin','127.0.0.1','2017-04-23 09:56:52'),(398,'/internetcafe/signIn/signIn_accept.do','{arrivalsNumber=[2], classs=[1, 2], grade=[1], actualNumber=[1], computerRoom=[1], troubleDescribe=[]}','admin','127.0.0.1','2017-04-23 09:56:59'),(399,'/internetcafe/signIn/signIn_accept.do','{arrivalsNumber=[2], classs=[, 1], grade=[1], actualNumber=[1], computerRoom=[1], troubleDescribe=[]}','admin','127.0.0.1','2017-04-23 09:57:04'),(400,'/internetcafe/signIn/signIn_accept.do','{}','admin','127.0.0.1','2017-04-23 09:58:11'),(401,'/internetcafe/signIn/get_classs_by_grade.do','{gradeId=[1]}','admin','127.0.0.1','2017-04-23 09:58:16'),(402,'/internetcafe/signIn/get_actualNumber_by_classs.do','{classsId=[1]}','admin','127.0.0.1','2017-04-23 09:58:18'),(403,'/internetcafe/signIn/get_actualNumber_by_classs.do','{classsId=[1]}','admin','127.0.0.1','2017-04-23 09:58:20'),(404,'/internetcafe/signIn/signIn_accept.do','{arrivalsNumber=[2], classs=[1, 2], grade=[1], actualNumber=[1], computerRoom=[1], troubleDescribe=[]}','admin','127.0.0.1','2017-04-23 09:58:30'),(405,'/internetcafe/jsp/login.jsp','{}',NULL,'127.0.0.1','2017-04-23 09:59:08'),(406,'/internetcafe/main/home_page.do','{}','admin','127.0.0.1','2017-04-23 09:59:11'),(407,'/internetcafe/signIn/signIn_accept.do','{}','admin','127.0.0.1','2017-04-23 09:59:16'),(408,'/internetcafe/signIn/get_classs_by_grade.do','{gradeId=[1]}','admin','127.0.0.1','2017-04-23 09:59:20'),(409,'/internetcafe/signIn/get_actualNumber_by_classs.do','{classsId=[1]}','admin','127.0.0.1','2017-04-23 09:59:21'),(410,'/internetcafe/signIn/get_actualNumber_by_classs.do','{classsId=[1]}','admin','127.0.0.1','2017-04-23 09:59:22'),(411,'/internetcafe/signIn/signIn_accept.do','{arrivalsNumber=[2], classs=[1, 1], grade=[1], actualNumber=[1], computerRoom=[1], troubleDescribe=[]}','admin','127.0.0.1','2017-04-23 09:59:26'),(412,'/internetcafe/signIn/signIn_accept.do','{arrivalsNumber=[2], classs=[1, 1], grade=[1], actualNumber=[1], computerRoom=[1], troubleDescribe=[]}','admin','127.0.0.1','2017-04-23 10:00:50'),(413,'/internetcafe/signIn/get_classs_by_grade.do','{gradeId=[1]}','admin','127.0.0.1','2017-04-23 10:00:56'),(414,'/internetcafe/signIn/get_actualNumber_by_classs.do','{classsId=[1]}','admin','127.0.0.1','2017-04-23 10:00:57'),(415,'/internetcafe/signIn/get_actualNumber_by_classs.do','{classsId=[1]}','admin','127.0.0.1','2017-04-23 10:00:59'),(416,'/internetcafe/signIn/signIn_accept.do','{arrivalsNumber=[2], classs=[1, 1], grade=[1], actualNumber=[1], computerRoom=[1], troubleDescribe=[]}','admin','127.0.0.1','2017-04-23 10:01:03'),(417,'/internetcafe/signIn/signIn_accept.do','{arrivalsNumber=[2], classs=[1, 1], grade=[1], actualNumber=[1], computerRoom=[1], troubleDescribe=[]}','admin','127.0.0.1','2017-04-23 10:01:47'),(418,'/internetcafe/signIn/signIn_accept.do','{arrivalsNumber=[2], classs=[1, 1], grade=[1], actualNumber=[1], computerRoom=[1], troubleDescribe=[]}','admin','127.0.0.1','2017-04-23 10:01:51'),(419,'/internetcafe/signIn/get_classs_by_grade.do','{gradeId=[1]}','admin','127.0.0.1','2017-04-23 10:01:54'),(420,'/internetcafe/signIn/get_actualNumber_by_classs.do','{classsId=[1]}','admin','127.0.0.1','2017-04-23 10:01:55'),(421,'/internetcafe/signIn/get_actualNumber_by_classs.do','{classsId=[1]}','admin','127.0.0.1','2017-04-23 10:01:55'),(422,'/internetcafe/signIn/signIn_accept.do','{arrivalsNumber=[2], classs=[1, 1], grade=[1], actualNumber=[1], computerRoom=[1], troubleDescribe=[]}','admin','127.0.0.1','2017-04-23 10:01:59'),(423,'/internetcafe/signIn/signIn_accept.do','{}','admin','127.0.0.1','2017-04-23 10:03:05'),(424,'/internetcafe/signIn/get_classs_by_grade.do','{gradeId=[1]}','admin','127.0.0.1','2017-04-23 10:03:09'),(425,'/internetcafe/signIn/get_actualNumber_by_classs.do','{classsId=[1]}','admin','127.0.0.1','2017-04-23 10:03:09'),(426,'/internetcafe/signIn/get_actualNumber_by_classs.do','{classsId=[1]}','admin','127.0.0.1','2017-04-23 10:03:10'),(427,'/internetcafe/signIn/signIn_accept.do','{arrivalsNumber=[2], classs=[1, 1], grade=[1], actualNumber=[1], computerRoom=[1], troubleDescribe=[]}','admin','127.0.0.1','2017-04-23 10:03:15'),(428,'/internetcafe/signIn/signIn_accept.do','{arrivalsNumber=[2], classs=[1, 1], grade=[1], actualNumber=[1], computerRoom=[1], troubleDescribe=[]}','admin','127.0.0.1','2017-04-23 10:04:08'),(429,'/internetcafe/signIn/get_classs_by_grade.do','{gradeId=[1]}','admin','127.0.0.1','2017-04-23 10:04:19'),(430,'/internetcafe/signIn/get_actualNumber_by_classs.do','{classsId=[1]}','admin','127.0.0.1','2017-04-23 10:04:20'),(431,'/internetcafe/signIn/get_actualNumber_by_classs.do','{classsId=[1]}','admin','127.0.0.1','2017-04-23 10:04:21'),(432,'/internetcafe/signIn/signIn_accept.do','{arrivalsNumber=[2], classs=[1, 1], grade=[1], actualNumber=[1], computerRoom=[1], troubleDescribe=[]}','admin','127.0.0.1','2017-04-23 10:04:26'),(433,'/internetcafe/system/student_manage.do','{}','admin','127.0.0.1','2017-04-23 10:06:41'),(434,'/internetcafe/system/edit_student_pop.do','{1492913204175=[]}','admin','127.0.0.1','2017-04-23 10:06:44'),(435,'/internetcafe/signIn/signIn_accept.do','{}','admin','127.0.0.1','2017-04-23 10:06:56'),(436,'/internetcafe/signIn/get_classs_by_grade.do','{gradeId=[1]}','admin','127.0.0.1','2017-04-23 10:07:01'),(437,'/internetcafe/signIn/get_actualNumber_by_classs.do','{classsId=[1]}','admin','127.0.0.1','2017-04-23 10:07:02'),(438,'/internetcafe/signIn/signIn_accept.do','{arrivalsNumber=[2], classs=[1, 1], grade=[1], actualNumber=[1], computerRoom=[], troubleDescribe=[]}','admin','127.0.0.1','2017-04-23 10:07:06'),(439,'/internetcafe/signIn/signIn_accept.do','{}','admin','127.0.0.1','2017-04-23 10:09:31'),(440,'/internetcafe/signIn/get_classs_by_grade.do','{gradeId=[1]}','admin','127.0.0.1','2017-04-23 10:09:39'),(441,'/internetcafe/signIn/get_actualNumber_by_classs.do','{classsId=[1]}','admin','127.0.0.1','2017-04-23 10:09:40'),(442,'/internetcafe/signIn/get_actualNumber_by_classs.do','{classsId=[1]}','admin','127.0.0.1','2017-04-23 10:09:41'),(443,'/internetcafe/signIn/signIn_accept.do','{arrivalsNumber=[2], classs=[1, 1], grade=[1], actualNumber=[1], computerRoom=[1], troubleDescribe=[]}','admin','127.0.0.1','2017-04-23 10:09:46'),(444,'/internetcafe/signIn/signIn_accept.do','{arrivalsNumber=[2], classs=[1, 1], grade=[1], actualNumber=[1], computerRoom=[1], troubleDescribe=[]}','admin','127.0.0.1','2017-04-23 10:14:26'),(445,'/internetcafe/signIn/signIn_accept.do','{}','admin','127.0.0.1','2017-04-23 10:14:29'),(446,'/internetcafe/jsp/login.jsp','{}',NULL,'127.0.0.1','2017-04-23 10:15:14'),(447,'/internetcafe/signIn/signIn_accept.do','{}','admin','127.0.0.1','2017-04-23 10:15:16'),(448,'/internetcafe/signIn/get_classs_by_grade.do','{gradeId=[1]}','admin','127.0.0.1','2017-04-23 10:15:43'),(449,'/internetcafe/signIn/get_actualNumber_by_classs.do','{classsId=[1]}','admin','127.0.0.1','2017-04-23 10:15:45'),(450,'/internetcafe/signIn/get_actualNumber_by_classs.do','{classsId=[1]}','admin','127.0.0.1','2017-04-23 10:15:46'),(451,'/internetcafe/signIn/signIn_accept.do','{arrivalsNumber=[2], classs=[1, 1], grade=[1], actualNumber=[1], computerRoom=[1], troubleDescribe=[]}','admin','127.0.0.1','2017-04-23 10:15:57'),(452,'/internetcafe/system/role_manage.do','{}','admin','127.0.0.1','2017-04-23 10:16:44'),(453,'/internetcafe/system/user_manage.do','{}','admin','127.0.0.1','2017-04-23 10:16:46'),(454,'/internetcafe/system/menu_manage.do','{}','admin','127.0.0.1','2017-04-23 10:16:48'),(455,'/internetcafe/system/student_manage.do','{}','admin','127.0.0.1','2017-04-23 10:16:50'),(456,'/internetcafe/jsp/login.jsp','{}',NULL,'127.0.0.1','2017-04-23 10:47:34'),(457,'/internetcafe/signIn/signIn_accept.do','{}','admin','127.0.0.1','2017-04-23 10:47:35'),(458,'/internetcafe/signIn/get_classs_by_grade.do','{gradeId=[1]}','admin','127.0.0.1','2017-04-23 10:48:12'),(459,'/internetcafe/signIn/get_actualNumber_by_classs.do','{classsId=[1]}','admin','127.0.0.1','2017-04-23 10:48:13'),(460,'/internetcafe/signIn/get_actualNumber_by_classs.do','{classsId=[1]}','admin','127.0.0.1','2017-04-23 10:48:14'),(461,'/internetcafe/signIn/signIn_accept.do','{}','admin','127.0.0.1','2017-04-23 10:48:55'),(462,'/internetcafe/signIn/signIn_accept.do','{}','admin','127.0.0.1','2017-04-23 10:49:40'),(463,'/internetcafe/signIn/signIn_accept.do','{}','admin','127.0.0.1','2017-04-23 10:51:11'),(464,'/internetcafe/signIn/signIn_accept.do','{arrivalsNumber=[2], classs=[, 2], grade=[1], actualNumber=[1], computerRoom=[1], troubleDescribe=[]}','admin','127.0.0.1','2017-04-23 10:51:18'),(465,'/internetcafe/signIn/signIn_accept.do','{}','admin','127.0.0.1','2017-04-23 10:55:01'),(466,'/internetcafe/signIn/get_classs_by_grade.do','{gradeId=[1]}','admin','127.0.0.1','2017-04-23 10:55:05'),(467,'/internetcafe/signIn/get_actualNumber_by_classs.do','{classsId=[1]}','admin','127.0.0.1','2017-04-23 10:55:06'),(468,'/internetcafe/signIn/get_actualNumber_by_classs.do','{classsId=[1]}','admin','127.0.0.1','2017-04-23 10:55:06'),(469,'/internetcafe/signIn/signIn_accept.do','{arrivalsNumber=[2], classs=[1, 1], grade=[1], actualNumber=[1], computerRoom=[1], troubleDescribe=[]}','admin','127.0.0.1','2017-04-23 10:55:11'),(470,'/internetcafe/signIn/signIn_accept.do','{arrivalsNumber=[2], classs=[1, 1], grade=[1], actualNumber=[1], computerRoom=[1], troubleDescribe=[]}','admin','127.0.0.1','2017-04-23 10:57:05'),(471,'/internetcafe/signIn/get_classs_by_grade.do','{gradeId=[1]}','admin','127.0.0.1','2017-04-23 10:57:10'),(472,'/internetcafe/signIn/get_actualNumber_by_classs.do','{classsId=[1]}','admin','127.0.0.1','2017-04-23 10:57:12'),(473,'/internetcafe/signIn/get_actualNumber_by_classs.do','{classsId=[1]}','admin','127.0.0.1','2017-04-23 10:57:13'),(474,'/internetcafe/signIn/signIn_accept.do','{arrivalsNumber=[2], classs=[1, 1], grade=[1], actualNumber=[1], computerRoom=[1], troubleDescribe=[]}','admin','127.0.0.1','2017-04-23 10:57:16'),(475,'/internetcafe/signIn/signIn_accept.do','{arrivalsNumber=[2], classs=[1, 1], grade=[1], actualNumber=[1], computerRoom=[1], troubleDescribe=[]}','admin','127.0.0.1','2017-04-23 10:57:45'),(476,'/internetcafe/signIn/get_classs_by_grade.do','{gradeId=[1]}','admin','127.0.0.1','2017-04-23 10:57:49'),(477,'/internetcafe/signIn/get_actualNumber_by_classs.do','{classsId=[1]}','admin','127.0.0.1','2017-04-23 10:57:50'),(478,'/internetcafe/signIn/get_actualNumber_by_classs.do','{classsId=[1]}','admin','127.0.0.1','2017-04-23 10:57:51'),(479,'/internetcafe/signIn/signIn_accept.do','{arrivalsNumber=[2], classs=[1, 1], grade=[1], actualNumber=[1], computerRoom=[1], troubleDescribe=[]}','admin','127.0.0.1','2017-04-23 10:57:54'),(480,'/internetcafe/system/student_manage.do','{}','admin','127.0.0.1','2017-04-23 10:59:48'),(481,'/internetcafe/signIn/signIn_accept.do','{}','admin','127.0.0.1','2017-04-23 10:59:54'),(482,'/internetcafe/signIn/get_classs_by_grade.do','{gradeId=[1]}','admin','127.0.0.1','2017-04-23 10:59:58'),(483,'/internetcafe/signIn/get_actualNumber_by_classs.do','{classsId=[1]}','admin','127.0.0.1','2017-04-23 10:59:59'),(484,'/internetcafe/signIn/get_actualNumber_by_classs.do','{classsId=[1]}','admin','127.0.0.1','2017-04-23 11:00:00'),(485,'/internetcafe/signIn/signIn_accept.do','{arrivalsNumber=[2], classs=[1, 1], grade=[1], actualNumber=[1], computerRoom=[1], troubleDescribe=[]}','admin','127.0.0.1','2017-04-23 11:00:30'),(486,'/internetcafe/signIn/get_classs_by_grade.do','{gradeId=[1]}','admin','127.0.0.1','2017-04-23 11:03:33'),(487,'/internetcafe/signIn/get_actualNumber_by_classs.do','{classsId=[1]}','admin','127.0.0.1','2017-04-23 11:03:34'),(488,'/internetcafe/signIn/get_actualNumber_by_classs.do','{classsId=[1]}','admin','127.0.0.1','2017-04-23 11:03:35'),(489,'/internetcafe/signIn/signIn_accept.do','{arrivalsNumber=[2], classs=[1, 1], grade=[1], actualNumber=[1], computerRoom=[], troubleDescribe=[]}','admin','127.0.0.1','2017-04-23 11:03:38'),(490,'/internetcafe/signIn/signIn_accept.do','{arrivalsNumber=[2], classs=[1, 1], grade=[1], actualNumber=[1], computerRoom=[], troubleDescribe=[]}','admin','127.0.0.1','2017-04-23 11:03:55'),(491,'/internetcafe/signIn/get_classs_by_grade.do','{gradeId=[1]}','admin','127.0.0.1','2017-04-23 11:04:00'),(492,'/internetcafe/signIn/get_actualNumber_by_classs.do','{classsId=[1]}','admin','127.0.0.1','2017-04-23 11:04:01'),(493,'/internetcafe/signIn/get_actualNumber_by_classs.do','{classsId=[1]}','admin','127.0.0.1','2017-04-23 11:04:02'),(494,'/internetcafe/signIn/signIn_accept.do','{arrivalsNumber=[2], classs=[1, 1], grade=[1], actualNumber=[1], computerRoom=[1], troubleDescribe=[]}','admin','127.0.0.1','2017-04-23 11:04:06'),(495,'/internetcafe/jsp/login.jsp','{}',NULL,'127.0.0.1','2017-04-23 12:10:54'),(496,'/internetcafe/main/home_page.do','{}','admin','127.0.0.1','2017-04-23 12:11:07'),(497,'/internetcafe/signIn/signIn_accept.do','{}','admin','127.0.0.1','2017-04-23 12:11:26'),(498,'/internetcafe/jsp/login.jsp','{}',NULL,'127.0.0.1','2017-04-23 12:12:51'),(499,'/internetcafe/signIn/signIn_accept.do','{}','admin','127.0.0.1','2017-04-23 12:12:53'),(500,'/internetcafe/signIn/get_classs_by_grade.do','{gradeId=[1]}','admin','127.0.0.1','2017-04-23 12:13:01'),(501,'/internetcafe/signIn/get_actualNumber_by_classs.do','{classsId=[1]}','admin','127.0.0.1','2017-04-23 12:13:02'),(502,'/internetcafe/signIn/get_actualNumber_by_classs.do','{classsId=[1]}','admin','127.0.0.1','2017-04-23 12:13:03'),(503,'/internetcafe/signIn/signIn_accept.do','{arrivalsNumber=[2], classs=[1, 2], grade=[1], actualNumber=[1], computerRoom=[1], troubleDescribe=[]}','admin','127.0.0.1','2017-04-23 12:13:07'),(504,'/internetcafe/signIn/signIn_accept.do','{}','admin','127.0.0.1','2017-04-23 12:14:22'),(505,'/internetcafe/signIn/get_classs_by_grade.do','{gradeId=[1]}','admin','127.0.0.1','2017-04-23 12:14:26'),(506,'/internetcafe/signIn/get_actualNumber_by_classs.do','{classsId=[1]}','admin','127.0.0.1','2017-04-23 12:14:27'),(507,'/internetcafe/signIn/get_actualNumber_by_classs.do','{classsId=[1]}','admin','127.0.0.1','2017-04-23 12:14:28'),(508,'/internetcafe/signIn/signIn_accept.do','{arrivalsNumber=[2], classs=[1, 1], grade=[1], actualNumber=[1], computerRoom=[1], troubleDescribe=[]}','admin','127.0.0.1','2017-04-23 12:14:32'),(509,'/internetcafe/signIn/get_classs_by_grade.do','{gradeId=[1]}','admin','127.0.0.1','2017-04-23 12:15:02'),(510,'/internetcafe/signIn/get_actualNumber_by_classs.do','{classsId=[1]}','admin','127.0.0.1','2017-04-23 12:15:03'),(511,'/internetcafe/signIn/get_actualNumber_by_classs.do','{classsId=[1]}','admin','127.0.0.1','2017-04-23 12:15:04'),(512,'/internetcafe/signIn/signIn_accept.do','{arrivalsNumber=[2], classs=[1, 2], grade=[1], actualNumber=[1], computerRoom=[1], troubleDescribe=[]}','admin','127.0.0.1','2017-04-23 12:15:08'),(513,'/internetcafe/signIn/signIn_accept.do','{}','admin','127.0.0.1','2017-04-23 12:15:26'),(514,'/internetcafe/signIn/get_classs_by_grade.do','{gradeId=[1]}','admin','127.0.0.1','2017-04-23 12:15:30'),(515,'/internetcafe/signIn/get_actualNumber_by_classs.do','{classsId=[1]}','admin','127.0.0.1','2017-04-23 12:15:31'),(516,'/internetcafe/signIn/get_actualNumber_by_classs.do','{classsId=[1]}','admin','127.0.0.1','2017-04-23 12:15:32'),(517,'/internetcafe/signIn/signIn_accept.do','{arrivalsNumber=[2], classs=[1, 1], grade=[1], actualNumber=[1], computerRoom=[1], troubleDescribe=[]}','admin','127.0.0.1','2017-04-23 12:15:35'),(518,'/internetcafe/signIn/signIn_accept.do','{arrivalsNumber=[2], classs=[1, 1], grade=[1], actualNumber=[1], computerRoom=[1], troubleDescribe=[]}','admin','127.0.0.1','2017-04-23 12:16:30'),(519,'/internetcafe/signIn/get_classs_by_grade.do','{gradeId=[1]}','admin','127.0.0.1','2017-04-23 12:16:36'),(520,'/internetcafe/signIn/get_actualNumber_by_classs.do','{classsId=[1]}','admin','127.0.0.1','2017-04-23 12:16:38'),(521,'/internetcafe/signIn/get_actualNumber_by_classs.do','{classsId=[1]}','admin','127.0.0.1','2017-04-23 12:16:39'),(522,'/internetcafe/signIn/signIn_accept.do','{arrivalsNumber=[2], classs=[1, 1], grade=[1], actualNumber=[1], computerRoom=[1], troubleDescribe=[]}','admin','127.0.0.1','2017-04-23 12:16:41'),(523,'/internetcafe/jsp/login.jsp','{}',NULL,'127.0.0.1','2017-04-23 12:20:12'),(524,'/internetcafe/signIn/signIn_accept.do','{}','admin','127.0.0.1','2017-04-23 12:20:14'),(525,'/internetcafe/signIn/get_classs_by_grade.do','{gradeId=[1]}','admin','127.0.0.1','2017-04-23 12:20:19'),(526,'/internetcafe/signIn/get_actualNumber_by_classs.do','{classsId=[1]}','admin','127.0.0.1','2017-04-23 12:20:20'),(527,'/internetcafe/signIn/get_actualNumber_by_classs.do','{classsId=[1]}','admin','127.0.0.1','2017-04-23 12:20:22'),(528,'/internetcafe/signIn/signIn_accept.do','{arrivalsNumber=[2], classs=[1, 1], grade=[1], actualNumber=[1], computerRoom=[1], troubleDescribe=[]}','admin','127.0.0.1','2017-04-23 12:20:25'),(529,'/internetcafe/signIn/get_classs_by_grade.do','{gradeId=[1]}','admin','127.0.0.1','2017-04-23 12:21:01'),(530,'/internetcafe/signIn/get_actualNumber_by_classs.do','{classsId=[1]}','admin','127.0.0.1','2017-04-23 12:21:02'),(531,'/internetcafe/signIn/signIn_accept.do','{arrivalsNumber=[2], classs=[1, ], grade=[1], actualNumber=[1], computerRoom=[], troubleDescribe=[]}','admin','127.0.0.1','2017-04-23 12:21:05'),(532,'/internetcafe/signIn/signIn_accept.do','{arrivalsNumber=[2], classs=[1, ], grade=[1], actualNumber=[1], computerRoom=[], troubleDescribe=[]}','admin','127.0.0.1','2017-04-23 12:23:19'),(533,'/internetcafe/signIn/get_classs_by_grade.do','{gradeId=[1]}','admin','127.0.0.1','2017-04-23 12:23:23'),(534,'/internetcafe/signIn/get_actualNumber_by_classs.do','{classsId=[1]}','admin','127.0.0.1','2017-04-23 12:23:24'),(535,'/internetcafe/signIn/get_actualNumber_by_classs.do','{classsId=[1]}','admin','127.0.0.1','2017-04-23 12:23:24'),(536,'/internetcafe/signIn/signIn_accept.do','{arrivalsNumber=[2], classs=[1, 1], grade=[1], actualNumber=[1], computerRoom=[1], troubleDescribe=[]}','admin','127.0.0.1','2017-04-23 12:23:27'),(537,'/internetcafe/signIn/get_classs_by_grade.do','{gradeId=[1]}','admin','127.0.0.1','2017-04-23 12:23:38'),(538,'/internetcafe/signIn/get_actualNumber_by_classs.do','{classsId=[1]}','admin','127.0.0.1','2017-04-23 12:23:39'),(539,'/internetcafe/signIn/get_actualNumber_by_classs.do','{classsId=[1]}','admin','127.0.0.1','2017-04-23 12:23:40'),(540,'/internetcafe/signIn/signIn_accept.do','{arrivalsNumber=[2], classs=[1, 1], grade=[1], actualNumber=[1], computerRoom=[1], troubleDescribe=[]}','admin','127.0.0.1','2017-04-23 12:23:49'),(541,'/internetcafe/signIn/signIn_accept.do','{arrivalsNumber=[2], classs=[1, 1], grade=[1], actualNumber=[1], computerRoom=[1], troubleDescribe=[]}','admin','127.0.0.1','2017-04-23 12:25:38'),(542,'/internetcafe/signIn/get_classs_by_grade.do','{gradeId=[1]}','admin','127.0.0.1','2017-04-23 12:25:46'),(543,'/internetcafe/signIn/get_actualNumber_by_classs.do','{classsId=[1]}','admin','127.0.0.1','2017-04-23 12:25:47'),(544,'/internetcafe/signIn/get_actualNumber_by_classs.do','{classsId=[1]}','admin','127.0.0.1','2017-04-23 12:25:48'),(545,'/internetcafe/signIn/signIn_accept.do','{arrivalsNumber=[2], classs=[1, 1], grade=[1], actualNumber=[1], computerRoom=[1], troubleDescribe=[]}','admin','127.0.0.1','2017-04-23 12:25:52'),(546,'/internetcafe/jsp/login.jsp','{}',NULL,'127.0.0.1','2017-04-23 12:26:40'),(547,'/internetcafe/main/home_page.do','{}','admin','127.0.0.1','2017-04-23 12:26:43'),(548,'/internetcafe/signIn/signIn_accept.do','{}','admin','127.0.0.1','2017-04-23 12:26:48'),(549,'/internetcafe/signIn/get_classs_by_grade.do','{gradeId=[1]}','admin','127.0.0.1','2017-04-23 12:27:02'),(550,'/internetcafe/signIn/get_actualNumber_by_classs.do','{classsId=[1]}','admin','127.0.0.1','2017-04-23 12:27:04'),(551,'/internetcafe/signIn/get_actualNumber_by_classs.do','{classsId=[1]}','admin','127.0.0.1','2017-04-23 12:27:05'),(552,'/internetcafe/signIn/signIn_accept.do','{arrivalsNumber=[2], classs=[1, 1], grade=[1], actualNumber=[1], computerRoom=[1], troubleDescribe=[]}','admin','127.0.0.1','2017-04-23 12:27:08'),(553,'/internetcafe/signIn/get_classs_by_grade.do','{gradeId=[1]}','admin','127.0.0.1','2017-04-23 12:27:20'),(554,'/internetcafe/signIn/get_actualNumber_by_classs.do','{classsId=[1]}','admin','127.0.0.1','2017-04-23 12:27:22'),(555,'/internetcafe/signIn/get_actualNumber_by_classs.do','{classsId=[1]}','admin','127.0.0.1','2017-04-23 12:27:25'),(556,'/internetcafe/signIn/signIn_accept.do','{arrivalsNumber=[2], classs=[1, 1], grade=[1], actualNumber=[1], computerRoom=[1], troubleDescribe=[]}','admin','127.0.0.1','2017-04-23 12:27:35'),(557,'/internetcafe/signIn/get_classs_by_grade.do','{gradeId=[1]}','admin','127.0.0.1','2017-04-23 12:29:05'),(558,'/internetcafe/signIn/get_actualNumber_by_classs.do','{classsId=[1]}','admin','127.0.0.1','2017-04-23 12:29:07'),(559,'/internetcafe/signIn/get_actualNumber_by_classs.do','{classsId=[1]}','admin','127.0.0.1','2017-04-23 12:29:08'),(560,'/internetcafe/signIn/signIn_accept.do','{arrivalsNumber=[2], classs=[1, 1], grade=[1], actualNumber=[1], computerRoom=[1], troubleDescribe=[]}','admin','127.0.0.1','2017-04-23 12:29:14'),(561,'/internetcafe/signIn/signIn_accept.do','{arrivalsNumber=[2], classs=[1, 1], grade=[1], actualNumber=[1], computerRoom=[1], troubleDescribe=[]}','admin','127.0.0.1','2017-04-23 12:29:50'),(562,'/internetcafe/signIn/get_classs_by_grade.do','{gradeId=[1]}','admin','127.0.0.1','2017-04-23 12:29:59'),(563,'/internetcafe/signIn/get_actualNumber_by_classs.do','{classsId=[1]}','admin','127.0.0.1','2017-04-23 12:30:00'),(564,'/internetcafe/signIn/get_actualNumber_by_classs.do','{classsId=[1]}','admin','127.0.0.1','2017-04-23 12:30:01'),(565,'/internetcafe/signIn/signIn_accept.do','{arrivalsNumber=[2], classs=[1, 1], grade=[1], actualNumber=[1], computerRoom=[1], troubleDescribe=[]}','admin','127.0.0.1','2017-04-23 12:30:03'),(566,'/internetcafe/signIn/signIn_accept.do','{}','admin','127.0.0.1','2017-04-23 12:30:53'),(567,'/internetcafe/signIn/signIn_accept.do','{}','admin','127.0.0.1','2017-04-23 12:31:07'),(568,'/internetcafe/signIn/signIn_accept.do','{}','admin','127.0.0.1','2017-04-23 12:32:08'),(569,'/internetcafe/signIn/signIn_accept.do','{}','admin','127.0.0.1','2017-04-23 12:32:14'),(570,'/internetcafe/signIn/get_classs_by_grade.do','{gradeId=[1]}','admin','127.0.0.1','2017-04-23 12:32:32'),(571,'/internetcafe/signIn/get_actualNumber_by_classs.do','{classsId=[1]}','admin','127.0.0.1','2017-04-23 12:32:35'),(572,'/internetcafe/signIn/signIn_accept.do','{arrivalsNumber=[2], classs=[1, ], grade=[1], actualNumber=[1], computerRoom=[1], troubleDescribe=[]}','admin','127.0.0.1','2017-04-23 12:32:46'),(573,'/internetcafe/signIn/signIn_accept.do','{arrivalsNumber=[2], classs=[1, ], grade=[1], actualNumber=[1], computerRoom=[1], troubleDescribe=[]}','admin','127.0.0.1','2017-04-23 12:33:47'),(574,'/internetcafe/signIn/get_classs_by_grade.do','{gradeId=[1]}','admin','127.0.0.1','2017-04-23 12:33:55'),(575,'/internetcafe/signIn/get_actualNumber_by_classs.do','{classsId=[1]}','admin','127.0.0.1','2017-04-23 12:33:56'),(576,'/internetcafe/signIn/get_actualNumber_by_classs.do','{classsId=[1]}','admin','127.0.0.1','2017-04-23 12:33:58'),(577,'/internetcafe/signIn/signIn_accept.do','{arrivalsNumber=[2], classs=[1, 1], grade=[1], actualNumber=[1], computerRoom=[1], troubleDescribe=[]}','admin','127.0.0.1','2017-04-23 12:34:04'),(578,'/internetcafe/signIn/signIn_accept.do','{}','admin','127.0.0.1','2017-04-23 12:35:32'),(579,'/internetcafe/signIn/get_classs_by_grade.do','{gradeId=[1]}','admin','127.0.0.1','2017-04-23 12:35:38'),(580,'/internetcafe/signIn/get_actualNumber_by_classs.do','{classsId=[1]}','admin','127.0.0.1','2017-04-23 12:35:40'),(581,'/internetcafe/signIn/get_actualNumber_by_classs.do','{classsId=[1]}','admin','127.0.0.1','2017-04-23 12:35:42'),(582,'/internetcafe/signIn/signIn_accept.do','{arrivalsNumber=[2], classs=[1, 1], grade=[1], actualNumber=[1], computerRoom=[1], troubleDescribe=[]}','admin','127.0.0.1','2017-04-23 12:35:48'),(583,'/internetcafe/signIn/signIn_accept.do','{arrivalsNumber=[2], classs=[1, 1], grade=[1], actualNumber=[1], computerRoom=[1], troubleDescribe=[]}','admin','127.0.0.1','2017-04-23 12:36:22'),(584,'/internetcafe/signIn/get_classs_by_grade.do','{gradeId=[1]}','admin','127.0.0.1','2017-04-23 12:36:27'),(585,'/internetcafe/signIn/get_actualNumber_by_classs.do','{classsId=[2]}','admin','127.0.0.1','2017-04-23 12:36:28'),(586,'/internetcafe/signIn/get_actualNumber_by_classs.do','{classsId=[1]}','admin','127.0.0.1','2017-04-23 12:36:30'),(587,'/internetcafe/signIn/get_actualNumber_by_classs.do','{classsId=[1]}','admin','127.0.0.1','2017-04-23 12:36:31'),(588,'/internetcafe/signIn/signIn_accept.do','{arrivalsNumber=[2], classs=[1, 1], grade=[1], actualNumber=[1], computerRoom=[1], troubleDescribe=[]}','admin','127.0.0.1','2017-04-23 12:36:35'),(589,'/internetcafe/signIn/signIn_accept.do','{arrivalsNumber=[2], classs=[1, 1], grade=[1], actualNumber=[1], computerRoom=[1], troubleDescribe=[]}','admin','127.0.0.1','2017-04-23 12:37:01'),(590,'/internetcafe/signIn/get_classs_by_grade.do','{gradeId=[1]}','admin','127.0.0.1','2017-04-23 12:37:06'),(591,'/internetcafe/signIn/get_actualNumber_by_classs.do','{classsId=[1]}','admin','127.0.0.1','2017-04-23 12:37:08'),(592,'/internetcafe/signIn/get_actualNumber_by_classs.do','{classsId=[1]}','admin','127.0.0.1','2017-04-23 12:37:09'),(593,'/internetcafe/signIn/signIn_accept.do','{arrivalsNumber=[2], classs=[1, 1], grade=[1], actualNumber=[1], computerRoom=[1], troubleDescribe=[]}','admin','127.0.0.1','2017-04-23 12:37:12'),(594,'/internetcafe/signIn/signIn_accept.do','{arrivalsNumber=[2], classs=[1, 1], grade=[1], actualNumber=[1], computerRoom=[1], troubleDescribe=[]}','admin','127.0.0.1','2017-04-23 12:44:20'),(595,'/internetcafe/signIn/get_classs_by_grade.do','{gradeId=[1]}','admin','127.0.0.1','2017-04-23 12:44:38'),(596,'/internetcafe/signIn/get_actualNumber_by_classs.do','{classsId=[1]}','admin','127.0.0.1','2017-04-23 12:44:39'),(597,'/internetcafe/signIn/get_actualNumber_by_classs.do','{classsId=[1]}','admin','127.0.0.1','2017-04-23 12:44:40'),(598,'/internetcafe/signIn/signIn_accept.do','{arrivalsNumber=[2], classs=[1, 1], grade=[1], actualNumber=[1], computerRoom=[1], troubleDescribe=[]}','admin','127.0.0.1','2017-04-23 12:44:48'),(599,'/internetcafe/signIn/signIn_accept.do','{arrivalsNumber=[2], classs=[1, 1], grade=[1], actualNumber=[1], computerRoom=[1], troubleDescribe=[]}','admin','127.0.0.1','2017-04-23 12:48:35'),(600,'/internetcafe/signIn/get_classs_by_grade.do','{gradeId=[1]}','admin','127.0.0.1','2017-04-23 12:48:39'),(601,'/internetcafe/signIn/get_actualNumber_by_classs.do','{classsId=[1]}','admin','127.0.0.1','2017-04-23 12:48:42'),(602,'/internetcafe/signIn/get_actualNumber_by_classs.do','{classsId=[1]}','admin','127.0.0.1','2017-04-23 12:48:45'),(603,'/internetcafe/signIn/signIn_accept.do','{arrivalsNumber=[2], classs=[1, 1], grade=[1], actualNumber=[1], computerRoom=[1], troubleDescribe=[]}','admin','127.0.0.1','2017-04-23 12:49:21'),(604,'/internetcafe/signIn/get_classs_by_grade.do','{gradeId=[4]}','admin','127.0.0.1','2017-04-23 12:49:34'),(605,'/internetcafe/signIn/get_classs_by_grade.do','{gradeId=[1]}','admin','127.0.0.1','2017-04-23 12:49:35'),(606,'/internetcafe/signIn/get_actualNumber_by_classs.do','{classsId=[1]}','admin','127.0.0.1','2017-04-23 12:49:36'),(607,'/internetcafe/signIn/get_actualNumber_by_classs.do','{classsId=[1]}','admin','127.0.0.1','2017-04-23 12:49:37'),(608,'/internetcafe/signIn/signIn_accept.do','{arrivalsNumber=[2], classs=[1, 1], grade=[1], actualNumber=[1], computerRoom=[1], troubleDescribe=[]}','admin','127.0.0.1','2017-04-23 12:51:43'),(609,'/internetcafe/signIn/get_classs_by_grade.do','{gradeId=[2]}','admin','127.0.0.1','2017-04-23 12:51:50'),(610,'/internetcafe/signIn/get_actualNumber_by_classs.do','{classsId=[4]}','admin','127.0.0.1','2017-04-23 12:51:52'),(611,'/internetcafe/signIn/get_classs_by_grade.do','{gradeId=[1]}','admin','127.0.0.1','2017-04-23 12:51:54'),(612,'/internetcafe/signIn/get_actualNumber_by_classs.do','{classsId=[1]}','admin','127.0.0.1','2017-04-23 12:51:55'),(613,'/internetcafe/signIn/get_actualNumber_by_classs.do','{classsId=[1]}','admin','127.0.0.1','2017-04-23 12:51:55'),(614,'/internetcafe/signIn/signIn_accept.do','{arrivalsNumber=[2], classs=[1, 1], grade=[1], actualNumber=[1], computerRoom=[1], troubleDescribe=[]}','admin','127.0.0.1','2017-04-23 12:55:07'),(615,'/internetcafe/signIn/signIn_accept.do','{}','admin','127.0.0.1','2017-04-23 12:55:14'),(616,'/internetcafe/signIn/get_classs_by_grade.do','{gradeId=[1]}','admin','127.0.0.1','2017-04-23 12:55:17'),(617,'/internetcafe/signIn/get_actualNumber_by_classs.do','{classsId=[1]}','admin','127.0.0.1','2017-04-23 12:55:18'),(618,'/internetcafe/signIn/get_actualNumber_by_classs.do','{classsId=[1]}','admin','127.0.0.1','2017-04-23 12:55:19'),(619,'/internetcafe/signIn/add_absence_pop.do','{1492923324333=[]}','admin','127.0.0.1','2017-04-23 12:55:24'),(620,'/internetcafe/signIn/add_absence_pop.do','{1492923330261=[]}','admin','127.0.0.1','2017-04-23 12:55:30'),(621,'/internetcafe/signIn/add_absence_pop.do','{1492923332193=[]}','admin','127.0.0.1','2017-04-23 12:55:32'),(622,'/internetcafe/signIn/signIn_accept.do','{}','admin','127.0.0.1','2017-04-23 13:07:01'),(623,'/internetcafe/signIn/get_classs_by_grade.do','{gradeId=[2]}','admin','127.0.0.1','2017-04-23 13:07:10'),(624,'/internetcafe/signIn/get_classs_by_grade.do','{gradeId=[1]}','admin','127.0.0.1','2017-04-23 13:07:12'),(625,'/internetcafe/signIn/get_actualNumber_by_classs.do','{classsId=[1]}','admin','127.0.0.1','2017-04-23 13:07:13'),(626,'/internetcafe/signIn/add_absence_pop.do','{1492924036852=[]}','admin','127.0.0.1','2017-04-23 13:07:16'),(627,'/internetcafe/signIn/signIn_accept.do','{}','admin','127.0.0.1','2017-04-23 13:08:27'),(628,'/internetcafe/signIn/get_classs_by_grade.do','{gradeId=[2]}','admin','127.0.0.1','2017-04-23 13:08:34'),(629,'/internetcafe/signIn/get_classs_by_grade.do','{gradeId=[1]}','admin','127.0.0.1','2017-04-23 13:08:35'),(630,'/internetcafe/signIn/get_actualNumber_by_classs.do','{classsId=[2]}','admin','127.0.0.1','2017-04-23 13:08:36'),(631,'/internetcafe/signIn/get_actualNumber_by_classs.do','{classsId=[1]}','admin','127.0.0.1','2017-04-23 13:08:38'),(632,'/internetcafe/signIn/add_absence_pop.do','{1492924121482=[]}','admin','127.0.0.1','2017-04-23 13:08:41'),(633,'/internetcafe/signIn/signIn_accept.do','{}','admin','127.0.0.1','2017-04-23 13:10:40'),(634,'/internetcafe/signIn/get_classs_by_grade.do','{gradeId=[1]}','admin','127.0.0.1','2017-04-23 13:10:45'),(635,'/internetcafe/signIn/get_actualNumber_by_classs.do','{classsId=[2]}','admin','127.0.0.1','2017-04-23 13:10:46'),(636,'/internetcafe/signIn/get_actualNumber_by_classs.do','{classsId=[2]}','admin','127.0.0.1','2017-04-23 13:10:47'),(637,'/internetcafe/signIn/signIn_accept.do','{}','admin','127.0.0.1','2017-04-23 13:11:35'),(638,'/internetcafe/signIn/signIn_accept.do','{}','admin','127.0.0.1','2017-04-23 13:13:09'),(639,'/internetcafe/signIn/get_classs_by_grade.do','{gradeId=[1]}','admin','127.0.0.1','2017-04-23 13:13:14'),(640,'/internetcafe/signIn/get_actualNumber_by_classs.do','{classsId=[1]}','admin','127.0.0.1','2017-04-23 13:13:15'),(641,'/internetcafe/signIn/get_actualNumber_by_classs.do','{classsId=[1]}','admin','127.0.0.1','2017-04-23 13:13:16'),(642,'/internetcafe/signIn/add_absence_pop.do','{classsId=[1], 1492924400625=[]}','admin','127.0.0.1','2017-04-23 13:13:20'),(643,'/internetcafe/signIn/signIn_accept.do','{}','admin','127.0.0.1','2017-04-23 13:14:19'),(644,'/internetcafe/signIn/signIn_accept.do','{}','admin','127.0.0.1','2017-04-23 13:16:43'),(645,'/internetcafe/signIn/get_classs_by_grade.do','{gradeId=[1]}','admin','127.0.0.1','2017-04-23 13:16:49'),(646,'/internetcafe/signIn/get_actualNumber_by_classs.do','{classsId=[1]}','admin','127.0.0.1','2017-04-23 13:16:49'),(647,'/internetcafe/signIn/get_actualNumber_by_classs.do','{classsId=[1]}','admin','127.0.0.1','2017-04-23 13:16:50'),(648,'/internetcafe/signIn/add_absence_pop.do','{classsId=[1], 1492924614469=[]}','admin','127.0.0.1','2017-04-23 13:16:54'),(649,'/internetcafe/signIn/add_absence_pop.do','{1492924659203=[], classsId=[1]}','admin','127.0.0.1','2017-04-23 13:17:39'),(650,'/internetcafe/signIn/add_absence_pop.do','{classsId=[1], 1492924688813=[]}','admin','127.0.0.1','2017-04-23 13:18:08'),(651,'/internetcafe/signIn/add_absence_pop.do','{classsId=[1], 1492924705276=[]}','admin','127.0.0.1','2017-04-23 13:18:25'),(652,'/internetcafe/signIn/add_absence_pop.do','{classsId=[1], 1492924718382=[]}','admin','127.0.0.1','2017-04-23 13:18:38'),(653,'/internetcafe/signIn/add_absence_pop.do','{classsId=[1], 1492924730615=[]}','admin','127.0.0.1','2017-04-23 13:18:50'),(654,'/internetcafe/signIn/signIn_accept.do','{}','admin','127.0.0.1','2017-04-23 13:20:48'),(655,'/internetcafe/signIn/signIn_accept.do','{}','admin','127.0.0.1','2017-04-23 13:20:53'),(656,'/internetcafe/signIn/signIn_accept.do','{}','admin','127.0.0.1','2017-04-23 13:21:01'),(657,'/internetcafe/signIn/signIn_accept.do','{}','admin','127.0.0.1','2017-04-23 13:21:36'),(658,'/internetcafe/signIn/signIn_accept.do','{}','admin','127.0.0.1','2017-04-23 13:22:04'),(659,'/internetcafe/signIn/signIn_accept.do','{}','admin','127.0.0.1','2017-04-23 13:22:37'),(660,'/internetcafe/signIn/signIn_accept.do','{}','admin','127.0.0.1','2017-04-23 13:22:45'),(661,'/internetcafe/signIn/signIn_accept.do','{}','admin','127.0.0.1','2017-04-23 13:22:52'),(662,'/internetcafe/signIn/signIn_accept.do','{}','admin','127.0.0.1','2017-04-23 13:24:46'),(663,'/internetcafe/signIn/signIn_accept.do','{}','admin','127.0.0.1','2017-04-23 13:25:11'),(664,'/internetcafe/signIn/signIn_accept.do','{}','admin','127.0.0.1','2017-04-23 13:25:33'),(665,'/internetcafe/signIn/signIn_accept.do','{}','admin','127.0.0.1','2017-04-23 13:25:41'),(666,'/internetcafe/signIn/signIn_accept.do','{}','admin','127.0.0.1','2017-04-23 13:26:02'),(667,'/internetcafe/signIn/signIn_accept.do','{}','admin','127.0.0.1','2017-04-23 13:26:29'),(668,'/internetcafe/signIn/signIn_accept.do','{}','admin','127.0.0.1','2017-04-23 13:26:51'),(669,'/internetcafe/signIn/signIn_accept.do','{}','admin','127.0.0.1','2017-04-23 13:27:10'),(670,'/internetcafe/signIn/get_classs_by_grade.do','{gradeId=[1]}','admin','127.0.0.1','2017-04-23 13:27:30'),(671,'/internetcafe/signIn/get_actualNumber_by_classs.do','{classsId=[1]}','admin','127.0.0.1','2017-04-23 13:27:31'),(672,'/internetcafe/signIn/signIn_accept.do','{}','admin','127.0.0.1','2017-04-23 13:27:45'),(673,'/internetcafe/signIn/signIn_accept.do','{}','admin','127.0.0.1','2017-04-23 13:28:19'),(674,'/internetcafe/signIn/signIn_accept.do','{}','admin','127.0.0.1','2017-04-23 13:28:48'),(675,'/internetcafe/signIn/signIn_accept.do','{}','admin','127.0.0.1','2017-04-23 13:28:53'),(676,'/internetcafe/signIn/signIn_accept.do','{}','admin','127.0.0.1','2017-04-23 13:29:05'),(677,'/internetcafe/signIn/get_classs_by_grade.do','{gradeId=[1]}','admin','127.0.0.1','2017-04-23 13:29:19'),(678,'/internetcafe/signIn/get_actualNumber_by_classs.do','{classsId=[1]}','admin','127.0.0.1','2017-04-23 13:29:20'),(679,'/internetcafe/signIn/get_actualNumber_by_classs.do','{classsId=[1]}','admin','127.0.0.1','2017-04-23 13:29:21'),(680,'/internetcafe/signIn/signIn_accept.do','{}','admin','127.0.0.1','2017-04-23 13:30:31'),(681,'/internetcafe/signIn/signIn_accept.do','{}','admin','127.0.0.1','2017-04-23 13:30:40'),(682,'/internetcafe/signIn/signIn_accept.do','{}','admin','127.0.0.1','2017-04-23 13:30:49'),(683,'/internetcafe/signIn/signIn_accept.do','{}','admin','127.0.0.1','2017-04-23 13:33:09'),(684,'/internetcafe/signIn/add_absence_pop.do','{classsId=[], 1492925591753=[]}','admin','127.0.0.1','2017-04-23 13:33:11'),(685,'/internetcafe/signIn/add_absence_pop.do','{1492925594039=[], classsId=[]}','admin','127.0.0.1','2017-04-23 13:33:14'),(686,'/internetcafe/signIn/signIn_accept.do','{}','admin','127.0.0.1','2017-04-23 13:34:41'),(687,'/internetcafe/signIn/signIn_accept.do','{}','admin','127.0.0.1','2017-04-23 13:37:31'),(688,'/internetcafe/signIn/get_classs_by_grade.do','{gradeId=[1]}','admin','127.0.0.1','2017-04-23 13:37:36'),(689,'/internetcafe/signIn/get_actualNumber_by_classs.do','{classsId=[1]}','admin','127.0.0.1','2017-04-23 13:37:37'),(690,'/internetcafe/signIn/add_absence_pop.do','{classsId=[1], 1492925865633=[]}','admin','127.0.0.1','2017-04-23 13:37:45'),(691,'/internetcafe/signIn/signIn_accept.do','{}','admin','127.0.0.1','2017-04-23 13:38:47'),(692,'/internetcafe/signIn/signIn_accept.do','{}','admin','127.0.0.1','2017-04-23 13:40:15'),(693,'/internetcafe/signIn/get_classs_by_grade.do','{gradeId=[1]}','admin','127.0.0.1','2017-04-23 13:41:35'),(694,'/internetcafe/signIn/get_actualNumber_by_classs.do','{classsId=[1]}','admin','127.0.0.1','2017-04-23 13:41:45'),(695,'/internetcafe/signIn/add_absence_pop.do','{classsId=[1], 1492926110324=[]}','admin','127.0.0.1','2017-04-23 13:41:50'),(696,'/internetcafe/signIn/signIn_accept.do','{}','admin','127.0.0.1','2017-04-23 13:42:50'),(697,'/internetcafe/signIn/signIn_accept.do','{}','admin','127.0.0.1','2017-04-23 13:49:46'),(698,'/internetcafe/signIn/signIn_accept.do','{}','admin','127.0.0.1','2017-04-23 13:49:59'),(699,'/internetcafe/signIn/signIn_accept.do','{}','admin','127.0.0.1','2017-04-23 13:50:01'),(700,'/internetcafe/signIn/signIn_accept.do','{}','admin','127.0.0.1','2017-04-23 13:50:20'),(701,'/internetcafe/signIn/signIn_accept.do','{}','admin','127.0.0.1','2017-04-23 13:50:27'),(702,'/internetcafe/jsp/login.jsp','{}',NULL,'127.0.0.1','2017-04-23 14:21:02'),(703,'/internetcafe/signIn/signIn_accept.do','{}','admin','127.0.0.1','2017-04-23 14:21:04'),(704,'/internetcafe/signIn/get_classs_by_grade.do','{gradeId=[1]}','admin','127.0.0.1','2017-04-23 14:21:09'),(705,'/internetcafe/signIn/get_actualNumber_by_classs.do','{classsId=[1]}','admin','127.0.0.1','2017-04-23 14:21:10'),(706,'/internetcafe/signIn/get_actualNumber_by_classs.do','{classsId=[1]}','admin','127.0.0.1','2017-04-23 14:21:11'),(707,'/internetcafe/signIn/add_absence_pop.do','{classsId=[1], 1492928477725=[], serialNum=[1492928464895]}','admin','127.0.0.1','2017-04-23 14:21:17'),(708,'/internetcafe/signIn/signIn_accept.do','{classs=[1, 0], serialNum=[1492928464895], troubleDescribe=[]}','admin','127.0.0.1','2017-04-23 14:21:26'),(709,'/internetcafe/signIn/signIn_accept.do','{classs=[1, 0], serialNum=[1492928464895], troubleDescribe=[]}','admin','127.0.0.1','2017-04-23 14:21:28'),(710,'/internetcafe/signIn/signIn_accept.do','{}','admin','127.0.0.1','2017-04-23 14:22:10'),(711,'/internetcafe/signIn/get_classs_by_grade.do','{gradeId=[1]}','admin','127.0.0.1','2017-04-23 14:22:14'),(712,'/internetcafe/signIn/get_actualNumber_by_classs.do','{classsId=[1]}','admin','127.0.0.1','2017-04-23 14:22:15'),(713,'/internetcafe/signIn/get_actualNumber_by_classs.do','{classsId=[1]}','admin','127.0.0.1','2017-04-23 14:22:16'),(714,'/internetcafe/signIn/add_absence_pop.do','{classsId=[1], 1492928539341=[], serialNum=[1492928530416]}','admin','127.0.0.1','2017-04-23 14:22:19'),(715,'/internetcafe/signIn/signIn_accept.do','{classs=[1, 0], serialNum=[1492928530416], troubleDescribe=[]}','admin','127.0.0.1','2017-04-23 14:22:24'),(716,'/internetcafe/signIn/signIn_accept.do','{}','admin','127.0.0.1','2017-04-23 14:23:58'),(717,'/internetcafe/signIn/signIn_accept.do','{}','admin','127.0.0.1','2017-04-23 14:24:04'),(718,'/internetcafe/signIn/get_classs_by_grade.do','{gradeId=[1]}','admin','127.0.0.1','2017-04-23 14:24:07'),(719,'/internetcafe/signIn/get_actualNumber_by_classs.do','{classsId=[1]}','admin','127.0.0.1','2017-04-23 14:24:08'),(720,'/internetcafe/signIn/get_actualNumber_by_classs.do','{classsId=[1]}','admin','127.0.0.1','2017-04-23 14:24:09'),(721,'/internetcafe/signIn/add_absence_pop.do','{1492928654105=[], classsId=[1], serialNum=[1492928644507]}','admin','127.0.0.1','2017-04-23 14:24:14'),(722,'/internetcafe/signIn/save_signIn_temp.do','{}','admin','127.0.0.1','2017-04-23 14:24:20'),(723,'/internetcafe/signIn/signIn_accept.do','{classs=[1, 0], serialNum=[1492928644507], troubleDescribe=[]}','admin','127.0.0.1','2017-04-23 14:24:20'),(724,'/internetcafe/signIn/signIn_accept.do','{}','admin','127.0.0.1','2017-04-23 14:27:23'),(725,'/internetcafe/signIn/signIn_accept.do','{}','admin','127.0.0.1','2017-04-23 14:27:28'),(726,'/internetcafe/signIn/get_classs_by_grade.do','{gradeId=[1]}','admin','127.0.0.1','2017-04-23 14:27:32'),(727,'/internetcafe/signIn/get_actualNumber_by_classs.do','{classsId=[1]}','admin','127.0.0.1','2017-04-23 14:27:34'),(728,'/internetcafe/signIn/get_actualNumber_by_classs.do','{classsId=[1]}','admin','127.0.0.1','2017-04-23 14:27:35'),(729,'/internetcafe/signIn/add_absence_pop.do','{classsId=[1], serialNum=[1492928848686], 1492928859782=[]}','admin','127.0.0.1','2017-04-23 14:27:39'),(730,'/internetcafe/signIn/save_signIn_temp.do','{remake=[], signState=[0], stuId=[1], serialNum=[1492928848686]}','admin','127.0.0.1','2017-04-23 14:27:43'),(731,'/internetcafe/signIn/signIn_accept.do','{remake=[], signState=[0], stuId=[1], serialNum=[1492928848686]}','admin','127.0.0.1','2017-04-23 14:27:43'),(732,'/internetcafe/signIn/signIn_accept.do','{}','admin','127.0.0.1','2017-04-23 14:29:31'),(733,'/internetcafe/signIn/signIn_accept.do','{}','admin','127.0.0.1','2017-04-23 14:29:35'),(734,'/internetcafe/signIn/get_classs_by_grade.do','{gradeId=[1]}','admin','127.0.0.1','2017-04-23 14:29:38'),(735,'/internetcafe/signIn/get_actualNumber_by_classs.do','{classsId=[1]}','admin','127.0.0.1','2017-04-23 14:29:40'),(736,'/internetcafe/signIn/get_actualNumber_by_classs.do','{classsId=[1]}','admin','127.0.0.1','2017-04-23 14:29:41'),(737,'/internetcafe/signIn/add_absence_pop.do','{1492928985407=[], classsId=[1], serialNum=[1492928975994]}','admin','127.0.0.1','2017-04-23 14:29:45'),(738,'/internetcafe/signIn/save_signIn_temp.do','{remake=[], signState=[0], stuId=[1], serialNum=[1492928975994]}','admin','127.0.0.1','2017-04-23 14:29:48'),(739,'/internetcafe/signIn/signIn_accept.do','{remake=[], signState=[0], stuId=[1], serialNum=[1492928975994]}','admin','127.0.0.1','2017-04-23 14:29:48'),(740,'/internetcafe/signIn/save_signIn_temp.do','{remake=[], signState=[0], stuId=[1], serialNum=[1492928975994]}','admin','127.0.0.1','2017-04-23 14:30:14'),(741,'/internetcafe/signIn/signIn_accept.do','{remake=[], signState=[0], stuId=[1], serialNum=[1492928975994]}','admin','127.0.0.1','2017-04-23 14:30:14'),(742,'/internetcafe/signIn/signIn_accept.do','{}','admin','127.0.0.1','2017-04-23 14:31:22'),(743,'/internetcafe/signIn/signIn_accept.do','{}','admin','127.0.0.1','2017-04-23 14:31:26'),(744,'/internetcafe/signIn/get_classs_by_grade.do','{gradeId=[1]}','admin','127.0.0.1','2017-04-23 14:31:30'),(745,'/internetcafe/signIn/get_actualNumber_by_classs.do','{classsId=[1]}','admin','127.0.0.1','2017-04-23 14:31:31'),(746,'/internetcafe/signIn/get_actualNumber_by_classs.do','{classsId=[1]}','admin','127.0.0.1','2017-04-23 14:31:32'),(747,'/internetcafe/signIn/add_absence_pop.do','{1492929097212=[], classsId=[1], serialNum=[1492929086886]}','admin','127.0.0.1','2017-04-23 14:31:37'),(748,'/internetcafe/signIn/save_signIn_temp.do','{remake=[], signState=[0], stuId=[1], serialNum=[1492929086886]}','admin','127.0.0.1','2017-04-23 14:31:41'),(749,'/internetcafe/signIn/signIn_accept.do','{remake=[], signState=[0], stuId=[1], serialNum=[1492929086886]}','admin','127.0.0.1','2017-04-23 14:31:41'),(750,'/internetcafe/signIn/signIn_accept.do','{}','admin','127.0.0.1','2017-04-23 14:32:38'),(751,'/internetcafe/signIn/signIn_accept.do','{}','admin','127.0.0.1','2017-04-23 14:32:41'),(752,'/internetcafe/signIn/get_classs_by_grade.do','{gradeId=[1]}','admin','127.0.0.1','2017-04-23 14:32:44'),(753,'/internetcafe/signIn/get_actualNumber_by_classs.do','{classsId=[1]}','admin','127.0.0.1','2017-04-23 14:32:45'),(754,'/internetcafe/signIn/get_actualNumber_by_classs.do','{classsId=[1]}','admin','127.0.0.1','2017-04-23 14:32:46'),(755,'/internetcafe/signIn/add_absence_pop.do','{classsId=[1], serialNum=[1492929161274], 1492929170431=[]}','admin','127.0.0.1','2017-04-23 14:32:50'),(756,'/internetcafe/signIn/save_signIn_temp.do','{remake=[], signState=[0], stuId=[1], serialNum=[1492929161274]}','admin','127.0.0.1','2017-04-23 14:32:53'),(757,'/internetcafe/signIn/signIn_accept.do','{remake=[], signState=[0], stuId=[1], serialNum=[1492929161274]}','admin','127.0.0.1','2017-04-23 14:32:53'),(758,'/internetcafe/signIn/signIn_accept.do','{}','admin','127.0.0.1','2017-04-23 14:38:05'),(759,'/internetcafe/signIn/get_classs_by_grade.do','{gradeId=[1]}','admin','127.0.0.1','2017-04-23 14:38:10'),(760,'/internetcafe/signIn/get_actualNumber_by_classs.do','{classsId=[1]}','admin','127.0.0.1','2017-04-23 14:38:11'),(761,'/internetcafe/signIn/get_actualNumber_by_classs.do','{classsId=[1]}','admin','127.0.0.1','2017-04-23 14:38:13'),(762,'/internetcafe/signIn/add_absence_pop.do','{classsId=[1], 1492929496181=[], serialNum=[1492929486222]}','admin','127.0.0.1','2017-04-23 14:38:16'),(763,'/internetcafe/signIn/save_signIn_temp.do','{remake=[], signState=[0], stuId=[1], serialNum=[1492929486222]}','admin','127.0.0.1','2017-04-23 14:38:21'),(764,'/internetcafe/signIn/signIn_accept.do','{remake=[], signState=[0], stuId=[1], serialNum=[1492929486222]}','admin','127.0.0.1','2017-04-23 14:38:21'),(765,'/internetcafe/signIn/signIn_accept.do','{}','admin','127.0.0.1','2017-04-23 14:40:01'),(766,'/internetcafe/signIn/signIn_accept.do','{}','admin','127.0.0.1','2017-04-23 14:40:04'),(767,'/internetcafe/signIn/get_classs_by_grade.do','{gradeId=[1]}','admin','127.0.0.1','2017-04-23 14:40:18'),(768,'/internetcafe/signIn/get_actualNumber_by_classs.do','{classsId=[1]}','admin','127.0.0.1','2017-04-23 14:40:20'),(769,'/internetcafe/signIn/get_actualNumber_by_classs.do','{classsId=[1]}','admin','127.0.0.1','2017-04-23 14:40:21'),(770,'/internetcafe/signIn/add_absence_pop.do','{classsId=[1], 1492929625411=[], serialNum=[1492929605092]}','admin','127.0.0.1','2017-04-23 14:40:25'),(771,'/internetcafe/signIn/save_signIn_temp.do','{remake=[], signState=[0], stuId=[1], serialNum=[1492929605092]}','admin','127.0.0.1','2017-04-23 14:40:29'),(772,'/internetcafe/signIn/signIn_accept.do','{remake=[], signState=[0], stuId=[1], serialNum=[1492929605092]}','admin','127.0.0.1','2017-04-23 14:40:29'),(773,'/internetcafe/signIn/signIn_accept.do','{}','admin','127.0.0.1','2017-04-23 14:44:50'),(774,'/internetcafe/signIn/signIn_accept.do','{}','admin','127.0.0.1','2017-04-23 14:44:56'),(775,'/internetcafe/signIn/get_classs_by_grade.do','{gradeId=[1]}','admin','127.0.0.1','2017-04-23 14:45:00'),(776,'/internetcafe/signIn/get_actualNumber_by_classs.do','{classsId=[1]}','admin','127.0.0.1','2017-04-23 14:45:02'),(777,'/internetcafe/signIn/get_actualNumber_by_classs.do','{classsId=[1]}','admin','127.0.0.1','2017-04-23 14:45:03'),(778,'/internetcafe/signIn/add_absence_pop.do','{classsId=[1], 1492929907239=[], serialNum=[1492929896322]}','admin','127.0.0.1','2017-04-23 14:45:07'),(779,'/internetcafe/signIn/save_signIn_temp.do','{remake=[123], signState=[0], stuId=[1], serialNum=[1492929896322]}','admin','127.0.0.1','2017-04-23 14:45:12'),(780,'/internetcafe/signIn/signIn_accept.do','{remake=[123], signState=[0], stuId=[1], serialNum=[1492929896322]}','admin','127.0.0.1','2017-04-23 14:45:12'),(781,'/internetcafe/signIn/signIn_accept.do','{}','admin','127.0.0.1','2017-04-23 14:46:42'),(782,'/internetcafe/signIn/get_classs_by_grade.do','{gradeId=[1]}','admin','127.0.0.1','2017-04-23 14:46:48'),(783,'/internetcafe/signIn/get_actualNumber_by_classs.do','{classsId=[1]}','admin','127.0.0.1','2017-04-23 14:46:48'),(784,'/internetcafe/signIn/get_actualNumber_by_classs.do','{classsId=[1]}','admin','127.0.0.1','2017-04-23 14:46:49'),(785,'/internetcafe/signIn/add_absence_pop.do','{classsId=[1], serialNum=[1492930002292], 1492930013643=[]}','admin','127.0.0.1','2017-04-23 14:46:53'),(786,'/internetcafe/signIn/save_signIn_temp.do','{remake=[], signState=[0], stuId=[1], serialNum=[1492930002292]}','admin','127.0.0.1','2017-04-23 14:46:57'),(787,'/internetcafe/signIn/signIn_accept.do','{remake=[], signState=[0], stuId=[1], serialNum=[1492930002292]}','admin','127.0.0.1','2017-04-23 14:46:57'),(788,'/internetcafe/signIn/add_absence_pop.do','{classsId=[1], 1492930021695=[], serialNum=[1492930002292]}','admin','127.0.0.1','2017-04-23 14:47:01'),(789,'/internetcafe/signIn/save_signIn_temp.do','{remake=[], signState=[0], stuId=[4], serialNum=[1492930002292]}','admin','127.0.0.1','2017-04-23 14:47:06'),(790,'/internetcafe/signIn/signIn_accept.do','{remake=[], signState=[0], stuId=[4], serialNum=[1492930002292]}','admin','127.0.0.1','2017-04-23 14:47:06'),(791,'/internetcafe/signIn/signIn_accept.do','{}','admin','127.0.0.1','2017-04-23 14:47:59'),(792,'/internetcafe/signIn/signIn_accept.do','{}','admin','127.0.0.1','2017-04-23 14:47:59'),(793,'/internetcafe/jsp/login.jsp','{}',NULL,'127.0.0.1','2017-04-23 14:58:18'),(794,'/internetcafe/signIn/signIn_accept.do','{}','admin','127.0.0.1','2017-04-23 14:58:20'),(795,'/internetcafe/signIn/get_classs_by_grade.do','{gradeId=[1]}','admin','127.0.0.1','2017-04-23 14:58:25'),(796,'/internetcafe/signIn/get_actualNumber_by_classs.do','{classsId=[1]}','admin','127.0.0.1','2017-04-23 14:58:26'),(797,'/internetcafe/signIn/get_actualNumber_by_classs.do','{classsId=[1]}','admin','127.0.0.1','2017-04-23 14:58:27'),(798,'/internetcafe/signIn/add_absence_pop.do','{classsId=[1], serialNum=[1492930700801], 1492930710394=[]}','admin','127.0.0.1','2017-04-23 14:58:30'),(799,'/internetcafe/signIn/save_signIn_temp.do','{signState=[1], stuId=[1], explain=[], serialNum=[1492930700801]}','admin','127.0.0.1','2017-04-23 14:58:40'),(800,'/internetcafe/signIn/signIn_accept.do','{signState=[1], stuId=[1], explain=[], serialNum=[1492930700801]}','admin','127.0.0.1','2017-04-23 14:58:40'),(801,'/internetcafe/signIn/add_absence_pop.do','{classsId=[1], 1492930895140=[], serialNum=[1492930700801]}','admin','127.0.0.1','2017-04-23 15:01:35'),(802,'/internetcafe/signIn/save_signIn_temp.do','{signState=[迟到], stuId=[1], explain=[123], serialNum=[1492930700801]}','admin','127.0.0.1','2017-04-23 15:01:39'),(803,'/internetcafe/signIn/signIn_accept.do','{signState=[迟到], stuId=[1], explain=[123], serialNum=[1492930700801]}','admin','127.0.0.1','2017-04-23 15:01:39'),(804,'/internetcafe/signIn/signIn_accept.do','{}','admin','127.0.0.1','2017-04-23 15:03:36'),(805,'/internetcafe/signIn/get_classs_by_grade.do','{gradeId=[1]}','admin','127.0.0.1','2017-04-23 15:03:41'),(806,'/internetcafe/signIn/get_actualNumber_by_classs.do','{classsId=[1]}','admin','127.0.0.1','2017-04-23 15:03:42'),(807,'/internetcafe/signIn/get_actualNumber_by_classs.do','{classsId=[1]}','admin','127.0.0.1','2017-04-23 15:03:45'),(808,'/internetcafe/signIn/add_absence_pop.do','{classsId=[1], 1492931031742=[], serialNum=[1492931016619]}','admin','127.0.0.1','2017-04-23 15:03:51'),(809,'/internetcafe/signIn/save_signIn_temp.do','{signState=[早退], stuId=[1], explain=[], serialNum=[1492931016619]}','admin','127.0.0.1','2017-04-23 15:03:55'),(810,'/internetcafe/signIn/signIn_accept.do','{signState=[早退], stuId=[1], explain=[], serialNum=[1492931016619]}','admin','127.0.0.1','2017-04-23 15:03:55'),(811,'/internetcafe/signIn/signIn_accept.do','{}','admin','127.0.0.1','2017-04-23 15:07:17'),(812,'/internetcafe/signIn/signIn_accept.do','{}','admin','127.0.0.1','2017-04-23 15:07:20'),(813,'/internetcafe/signIn/get_classs_by_grade.do','{gradeId=[1]}','admin','127.0.0.1','2017-04-23 15:07:30'),(814,'/internetcafe/signIn/get_actualNumber_by_classs.do','{classsId=[1]}','admin','127.0.0.1','2017-04-23 15:07:32'),(815,'/internetcafe/signIn/get_actualNumber_by_classs.do','{classsId=[1]}','admin','127.0.0.1','2017-04-23 15:07:33'),(816,'/internetcafe/signIn/add_absence_pop.do','{classsId=[1], 1492931256128=[], serialNum=[1492931240498]}','admin','127.0.0.1','2017-04-23 15:07:36'),(817,'/internetcafe/signIn/save_signIn_temp.do','{signState=[迟到], stuId=[1], explain=[], serialNum=[1492931240498]}','admin','127.0.0.1','2017-04-23 15:07:40'),(818,'/internetcafe/signIn/signIn_accept.do','{signState=[迟到], stuId=[1], explain=[], serialNum=[1492931240498]}','admin','127.0.0.1','2017-04-23 15:07:40'),(819,'/internetcafe/jsp/login.jsp','{}',NULL,'127.0.0.1','2017-04-23 15:51:09'),(820,'/internetcafe/signIn/signIn_accept.do','{}','admin','127.0.0.1','2017-04-23 15:51:13'),(821,'/internetcafe/signIn/get_classs_by_grade.do','{gradeId=[1]}','admin','127.0.0.1','2017-04-23 15:51:20'),(822,'/internetcafe/signIn/get_actualNumber_by_classs.do','{classsId=[1]}','admin','127.0.0.1','2017-04-23 15:51:22'),(823,'/internetcafe/signIn/get_actualNumber_by_classs.do','{classsId=[1]}','admin','127.0.0.1','2017-04-23 15:51:23'),(824,'/internetcafe/signIn/add_absence_pop.do','{classsId=[1], 1492933885671=[], serialNum=[1492933873381]}','admin','127.0.0.1','2017-04-23 15:51:25'),(825,'/internetcafe/signIn/signIn_accept.do','{signState=[迟到], stuId=[1], explain=[], serialNum=[1492933873381]}','admin','127.0.0.1','2017-04-23 15:51:29'),(826,'/internetcafe/signIn/save_signIn_temp.do','{signState=[迟到], stuId=[1], explain=[], serialNum=[1492933873381]}','admin','127.0.0.1','2017-04-23 15:51:29'),(827,'/internetcafe/signIn/save_signIn.do','{arrivalsNumber=[2], lessons=[1], classs=[1], remake=[11111111111], grade=[1], actualNumber=[1], computerRoom=[1]}','admin','127.0.0.1','2017-04-23 15:51:41'),(828,'/internetcafe/signIn/save_signIn.do','{arrivalsNumber=[2], lessons=[1], classs=[1], remake=[11111111111], grade=[1], actualNumber=[1], computerRoom=[1]}','admin','127.0.0.1','2017-04-23 15:53:08'),(829,'/internetcafe/jsp/login.jsp','{}',NULL,'127.0.0.1','2017-04-23 15:55:56'),(830,'/internetcafe/signIn/signIn_accept.do','{}','admin','127.0.0.1','2017-04-23 15:56:10'),(831,'/internetcafe/jsp/login.jsp','{}','admin','127.0.0.1','2017-04-23 15:56:33'),(832,'/internetcafe/main/home_page.do','{}','admin','127.0.0.1','2017-04-23 15:56:34'),(833,'/internetcafe/jsp/login.jsp','{}',NULL,'127.0.0.1','2017-04-23 15:58:04'),(834,'/internetcafe/main/home_page.do','{}','admin','127.0.0.1','2017-04-23 15:58:05'),(835,'/internetcafe/signIn/signIn_accept.do','{}','admin','127.0.0.1','2017-04-23 15:58:08'),(836,'/internetcafe/signIn/get_classs_by_grade.do','{gradeId=[1]}','admin','127.0.0.1','2017-04-23 15:58:13'),(837,'/internetcafe/signIn/get_actualNumber_by_classs.do','{classsId=[1]}','admin','127.0.0.1','2017-04-23 15:58:15'),(838,'/internetcafe/signIn/get_actualNumber_by_classs.do','{classsId=[1]}','admin','127.0.0.1','2017-04-23 15:58:16'),(839,'/internetcafe/signIn/add_absence_pop.do','{classsId=[1], 1492934300315=[], serialNum=[1492934288268]}','admin','127.0.0.1','2017-04-23 15:58:20'),(840,'/internetcafe/signIn/save_signIn_temp.do','{signState=[迟到], stuId=[4], explain=[], serialNum=[1492934288268]}','admin','127.0.0.1','2017-04-23 15:58:23'),(841,'/internetcafe/signIn/signIn_accept.do','{signState=[迟到], stuId=[4], explain=[], serialNum=[1492934288268]}','admin','127.0.0.1','2017-04-23 15:58:23'),(842,'/internetcafe/signIn/save_signIn.do','{arrivalsNumber=[2], lessons=[1], classs=[1], remake=[11111111111111111], grade=[1], actualNumber=[1], computerRoom=[1]}','admin','127.0.0.1','2017-04-23 15:58:29'),(843,'/internetcafe/signIn/signIn_accept.do','{}','admin','127.0.0.1','2017-04-23 16:01:18'),(844,'/internetcafe/signIn/signIn_accept.do','{}','admin','127.0.0.1','2017-04-23 16:01:31'),(845,'/internetcafe/signIn/get_classs_by_grade.do','{gradeId=[1]}','admin','127.0.0.1','2017-04-23 16:01:41'),(846,'/internetcafe/signIn/get_actualNumber_by_classs.do','{classsId=[1]}','admin','127.0.0.1','2017-04-23 16:01:51'),(847,'/internetcafe/signIn/get_actualNumber_by_classs.do','{classsId=[1]}','admin','127.0.0.1','2017-04-23 16:01:55'),(848,'/internetcafe/signIn/add_absence_pop.do','{classsId=[1], 1492934520380=[], serialNum=[1492934493678]}','admin','127.0.0.1','2017-04-23 16:02:00'),(849,'/internetcafe/signIn/signIn_accept.do','{signState=[旷课], stuId=[1], explain=[12312312321312321], serialNum=[1492934493678]}','admin','127.0.0.1','2017-04-23 16:02:12'),(850,'/internetcafe/signIn/save_signIn_temp.do','{signState=[旷课], stuId=[1], explain=[12312312321312321], serialNum=[1492934493678]}','admin','127.0.0.1','2017-04-23 16:02:12'),(851,'/internetcafe/signIn/save_signIn.do','{arrivalsNumber=[2], lessons=[1], classs=[1], remake=[1231231231], grade=[1], actualNumber=[1], computerRoom=[1]}','admin','127.0.0.1','2017-04-23 16:02:30'),(852,'/internetcafe/jsp/login.jsp','{}',NULL,'127.0.0.1','2017-04-23 16:04:58'),(853,'/internetcafe/signIn/signIn_accept.do','{}','admin','127.0.0.1','2017-04-23 16:04:59'),(854,'/internetcafe/signIn/get_classs_by_grade.do','{gradeId=[1]}','admin','127.0.0.1','2017-04-23 16:05:07'),(855,'/internetcafe/signIn/get_actualNumber_by_classs.do','{classsId=[1]}','admin','127.0.0.1','2017-04-23 16:05:09'),(856,'/internetcafe/signIn/get_actualNumber_by_classs.do','{classsId=[1]}','admin','127.0.0.1','2017-04-23 16:05:10'),(857,'/internetcafe/signIn/add_absence_pop.do','{classsId=[1], 1492934714981=[], serialNum=[1492934699729]}','admin','127.0.0.1','2017-04-23 16:05:15'),(858,'/internetcafe/signIn/save_signIn_temp.do','{signState=[早退], stuId=[1], explain=[这位同学屡教不改，经常早退], serialNum=[1492934699729]}','admin','127.0.0.1','2017-04-23 16:05:54'),(859,'/internetcafe/signIn/signIn_accept.do','{signState=[早退], stuId=[1], explain=[这位同学屡教不改，经常早退], serialNum=[1492934699729]}','admin','127.0.0.1','2017-04-23 16:05:54'),(860,'/internetcafe/signIn/save_signIn.do','{arrivalsNumber=[2], lessons=[1], classs=[1], remake=[], grade=[1], actualNumber=[1], serialNum=[1492934699729], computerRoom=[1]}','admin','127.0.0.1','2017-04-23 16:05:59'),(861,'/internetcafe/signIn/signIn_accept.do','{}','admin','127.0.0.1','2017-04-23 16:09:12'),(862,'/internetcafe/signIn/get_classs_by_grade.do','{gradeId=[1]}','admin','127.0.0.1','2017-04-23 16:09:16'),(863,'/internetcafe/signIn/get_actualNumber_by_classs.do','{classsId=[1]}','admin','127.0.0.1','2017-04-23 16:09:17'),(864,'/internetcafe/signIn/get_actualNumber_by_classs.do','{classsId=[1]}','admin','127.0.0.1','2017-04-23 16:09:25'),(865,'/internetcafe/signIn/add_absence_pop.do','{classsId=[1], 1492934968908=[], serialNum=[1492934952080]}','admin','127.0.0.1','2017-04-23 16:09:28'),(866,'/internetcafe/signIn/save_signIn_temp.do','{signState=[早退], stuId=[4], explain=[], serialNum=[1492934952080]}','admin','127.0.0.1','2017-04-23 16:09:38'),(867,'/internetcafe/signIn/signIn_accept.do','{signState=[早退], stuId=[4], explain=[], serialNum=[1492934952080]}','admin','127.0.0.1','2017-04-23 16:09:38'),(868,'/internetcafe/signIn/save_signIn.do','{arrivalsNumber=[2], lessons=[2], classs=[1], remake=[123123123131], grade=[1], actualNumber=[1], serialNum=[1492934952080], computerRoom=[1]}','admin','127.0.0.1','2017-04-23 16:09:43'),(869,'/internetcafe/signIn/signIn_accept.do','{}','admin','127.0.0.1','2017-04-23 16:14:45'),(870,'/internetcafe/signIn/signIn_accept.do','{}','admin','127.0.0.1','2017-04-23 16:14:48'),(871,'/internetcafe/signIn/get_classs_by_grade.do','{gradeId=[1]}','admin','127.0.0.1','2017-04-23 16:14:52'),(872,'/internetcafe/signIn/get_actualNumber_by_classs.do','{classsId=[1]}','admin','127.0.0.1','2017-04-23 16:14:53'),(873,'/internetcafe/signIn/get_actualNumber_by_classs.do','{classsId=[1]}','admin','127.0.0.1','2017-04-23 16:14:55'),(874,'/internetcafe/signIn/add_absence_pop.do','{classsId=[1], 1492935299504=[], serialNum=[1492935288669]}','admin','127.0.0.1','2017-04-23 16:14:59'),(875,'/internetcafe/signIn/save_signIn_temp.do','{signState=[请假], stuId=[1], explain=[], serialNum=[1492935288669]}','admin','127.0.0.1','2017-04-23 16:15:04'),(876,'/internetcafe/signIn/signIn_accept.do','{signState=[请假], stuId=[1], explain=[], serialNum=[1492935288669]}','admin','127.0.0.1','2017-04-23 16:15:04'),(877,'/internetcafe/signIn/save_signIn.do','{arrivalsNumber=[2], lessons=[4], classs=[1], remake=[aggffgfgh], grade=[1], actualNumber=[1], serialNum=[1492935288669], computerRoom=[1]}','admin','127.0.0.1','2017-04-23 16:15:16'),(878,'/internetcafe/signIn/signIn_accept.do','{}','admin','127.0.0.1','2017-04-23 16:16:26'),(879,'/internetcafe/signIn/get_classs_by_grade.do','{gradeId=[1]}','admin','127.0.0.1','2017-04-23 16:16:31'),(880,'/internetcafe/signIn/get_actualNumber_by_classs.do','{classsId=[1]}','admin','127.0.0.1','2017-04-23 16:16:32'),(881,'/internetcafe/signIn/get_actualNumber_by_classs.do','{classsId=[1]}','admin','127.0.0.1','2017-04-23 16:16:34'),(882,'/internetcafe/signIn/add_absence_pop.do','{classsId=[1], 1492935398479=[], serialNum=[1492935386713]}','admin','127.0.0.1','2017-04-23 16:16:38'),(883,'/internetcafe/signIn/save_signIn_temp.do','{signState=[旷课], stuId=[1], explain=[], serialNum=[1492935386713]}','admin','127.0.0.1','2017-04-23 16:16:42'),(884,'/internetcafe/signIn/signIn_accept.do','{signState=[旷课], stuId=[1], explain=[], serialNum=[1492935386713]}','admin','127.0.0.1','2017-04-23 16:16:42'),(885,'/internetcafe/signIn/save_signIn.do','{arrivalsNumber=[2], lessons=[7], classs=[1], remake=[], grade=[1], actualNumber=[1], serialNum=[1492935386713], computerRoom=[1]}','admin','127.0.0.1','2017-04-23 16:16:43'),(886,'/internetcafe/signIn/signIn_accept.do','{}','admin','127.0.0.1','2017-04-23 16:17:47'),(887,'/internetcafe/signIn/get_classs_by_grade.do','{gradeId=[1]}','admin','127.0.0.1','2017-04-23 16:17:52'),(888,'/internetcafe/signIn/get_actualNumber_by_classs.do','{classsId=[2]}','admin','127.0.0.1','2017-04-23 16:17:53'),(889,'/internetcafe/signIn/get_actualNumber_by_classs.do','{classsId=[2]}','admin','127.0.0.1','2017-04-23 16:17:56'),(890,'/internetcafe/signIn/add_absence_pop.do','{1492935479465=[], classsId=[2], serialNum=[1492935467771]}','admin','127.0.0.1','2017-04-23 16:17:59'),(891,'/internetcafe/signIn/save_signIn_temp.do','{signState=[迟到], stuId=[3], explain=[], serialNum=[1492935467771]}','admin','127.0.0.1','2017-04-23 16:18:04'),(892,'/internetcafe/signIn/signIn_accept.do','{signState=[迟到], stuId=[3], explain=[], serialNum=[1492935467771]}','admin','127.0.0.1','2017-04-23 16:18:04'),(893,'/internetcafe/signIn/save_signIn.do','{arrivalsNumber=[2], lessons=[1], classs=[2], remake=[], grade=[1], actualNumber=[1], serialNum=[1492935467771], computerRoom=[1]}','admin','127.0.0.1','2017-04-23 16:18:06'),(894,'/internetcafe/signIn/signIn_accept.do','{}','admin','127.0.0.1','2017-04-23 16:19:27'),(895,'/internetcafe/signIn/get_classs_by_grade.do','{gradeId=[1]}','admin','127.0.0.1','2017-04-23 16:19:31'),(896,'/internetcafe/signIn/get_actualNumber_by_classs.do','{classsId=[1]}','admin','127.0.0.1','2017-04-23 16:19:32'),(897,'/internetcafe/signIn/get_actualNumber_by_classs.do','{classsId=[1]}','admin','127.0.0.1','2017-04-23 16:19:33'),(898,'/internetcafe/signIn/add_absence_pop.do','{classsId=[1], 1492935576626=[], serialNum=[1492935567776]}','admin','127.0.0.1','2017-04-23 16:19:36'),(899,'/internetcafe/signIn/save_signIn_temp.do','{signState=[迟到], stuId=[4], explain=[], serialNum=[1492935567776]}','admin','127.0.0.1','2017-04-23 16:19:39'),(900,'/internetcafe/signIn/signIn_accept.do','{signState=[迟到], stuId=[4], explain=[], serialNum=[1492935567776]}','admin','127.0.0.1','2017-04-23 16:19:39'),(901,'/internetcafe/signIn/save_signIn.do','{arrivalsNumber=[2], lessons=[1], classs=[1], remake=[], grade=[1], actualNumber=[1], serialNum=[1492935567776], computerRoom=[1]}','admin','127.0.0.1','2017-04-23 16:19:40'),(902,'/internetcafe/signIn/signIn_accept.do','{}','admin','127.0.0.1','2017-04-23 16:22:20'),(903,'/internetcafe/signIn/get_classs_by_grade.do','{gradeId=[1]}','admin','127.0.0.1','2017-04-23 16:22:24'),(904,'/internetcafe/signIn/get_actualNumber_by_classs.do','{classsId=[1]}','admin','127.0.0.1','2017-04-23 16:22:25'),(905,'/internetcafe/signIn/get_actualNumber_by_classs.do','{classsId=[1]}','admin','127.0.0.1','2017-04-23 16:22:26'),(906,'/internetcafe/signIn/add_absence_pop.do','{classsId=[1], 1492935751242=[], serialNum=[1492935740401]}','admin','127.0.0.1','2017-04-23 16:22:31'),(907,'/internetcafe/signIn/save_signIn_temp.do','{signState=[迟到], stuId=[4], explain=[], serialNum=[1492935740401]}','admin','127.0.0.1','2017-04-23 16:22:35'),(908,'/internetcafe/signIn/signIn_accept.do','{signState=[迟到], stuId=[4], explain=[], serialNum=[1492935740401]}','admin','127.0.0.1','2017-04-23 16:22:35'),(909,'/internetcafe/signIn/save_signIn.do','{arrivalsNumber=[2], lessons=[1], classs=[1], remake=[], grade=[1], actualNumber=[1], serialNum=[1492935740401], computerRoom=[1]}','admin','127.0.0.1','2017-04-23 16:22:37'),(910,'/internetcafe/system/menu_manage.do','{}','admin','127.0.0.1','2017-04-23 16:24:09'),(911,'/internetcafe/system/edit_menu_pop.do','{1492935852119=[]}','admin','127.0.0.1','2017-04-23 16:24:12'),(912,'/internetcafe/system/save_menu.do','{id=[], parentId=[4], cssClass=[], type=[1], url=[], menuName=[考勤记录]}','admin','127.0.0.1','2017-04-23 16:24:26'),(913,'/internetcafe/system/menu_manage.do','{Q_LIKE_title=[], Q_EQ_type=[], 1492935866680=[]}','admin','127.0.0.1','2017-04-23 16:24:26'),(914,'/internetcafe/system/role_manage.do','{}','admin','127.0.0.1','2017-04-23 16:24:28'),(915,'/internetcafe/system/authority_role_pop.do','{id=[1], 1492935876729=[]}','admin','127.0.0.1','2017-04-23 16:24:36'),(916,'/internetcafe/system/save_roleMenu.do','{menuIds=[1,11,12,15,26,2,21,22,3,14,4,28,29], roleId=[1]}','admin','127.0.0.1','2017-04-23 16:24:40'),(917,'/internetcafe/system/role_manage.do','{}','admin','127.0.0.1','2017-04-23 16:24:43'),(918,'/internetcafe/system/menu_manage.do','{}','admin','127.0.0.1','2017-04-23 16:25:09'),(919,'/internetcafe/system/edit_menu_pop.do','{id=[28], 1492935913696=[]}','admin','127.0.0.1','2017-04-23 16:25:13'),(920,'/internetcafe/system/edit_menu_pop.do','{id=[29], 1492935922036=[]}','admin','127.0.0.1','2017-04-23 16:25:22'),(921,'/internetcafe/system/save_menu.do','{id=[29], parentId=[4], cssClass=[], type=[1], url=[/signIn/signIn_manage.do], menuName=[考勤记录]}','admin','127.0.0.1','2017-04-23 16:25:59'),(922,'/internetcafe/system/menu_manage.do','{1492935960075=[], Q_LIKE_title=[], Q_EQ_type=[]}','admin','127.0.0.1','2017-04-23 16:26:00'),(923,'/internetcafe/signIn/signIn_manage.do','{}','admin','127.0.0.1','2017-04-23 16:26:07'),(924,'/internetcafe/jsp/login.jsp','{}',NULL,'127.0.0.1','2017-04-23 16:40:05'),(925,'/internetcafe/main/home_page.do','{}','admin','127.0.0.1','2017-04-23 16:40:07'),(926,'/internetcafe/signIn/signIn_manage.do','{}','admin','127.0.0.1','2017-04-23 16:40:10'),(927,'/internetcafe/signIn/signIn_manage.do','{}','admin','127.0.0.1','2017-04-23 16:53:34'),(928,'/internetcafe/signIn/signIn_manage.do','{}','admin','127.0.0.1','2017-04-23 16:53:49'),(929,'/internetcafe/system/user_manage.do','{}','admin','127.0.0.1','2017-04-23 16:59:48'),(930,'/internetcafe/system/menu_manage.do','{}','admin','127.0.0.1','2017-04-23 16:59:50'),(931,'/internetcafe/signIn/signIn_manage.do','{}','admin','127.0.0.1','2017-04-23 17:00:58'),(932,'/internetcafe/signIn/signIn_manage.do','{}','admin','127.0.0.1','2017-04-23 17:02:28'),(933,'/internetcafe/signIn/signIn_manage.do','{}','admin','127.0.0.1','2017-04-23 17:02:48'),(934,'/internetcafe/signIn/signIn_manage.do','{}','admin','127.0.0.1','2017-04-23 17:03:58'),(935,'/internetcafe/signIn/signIn_manage.do','{}','admin','127.0.0.1','2017-04-23 17:14:51'),(936,'/internetcafe/signIn/sign_in_detail_pop.do','{id=[10]}','admin','127.0.0.1','2017-04-23 17:14:56'),(937,'/internetcafe/signIn/sign_in_detail_pop.do','{id=[10]}','admin','127.0.0.1','2017-04-23 17:15:08'),(938,'/internetcafe/signIn/sign_in_detail_pop.do','{id=[9]}','admin','127.0.0.1','2017-04-23 17:15:12'),(939,'/internetcafe/signIn/sign_in_detail_pop.do','{id=[4]}','admin','127.0.0.1','2017-04-23 17:15:15'),(940,'/internetcafe/signIn/sign_in_detail_pop.do','{id=[10]}','admin','127.0.0.1','2017-04-23 17:15:32'),(941,'/internetcafe/signIn/signIn_manage.do','{}','admin','127.0.0.1','2017-04-23 17:15:42'),(942,'/internetcafe/signIn/sign_in_detail_pop.do','{id=[10]}','admin','127.0.0.1','2017-04-23 17:15:44'),(943,'/internetcafe/signIn/sign_in_detail_pop.do','{id=[10]}','admin','127.0.0.1','2017-04-23 17:15:56'),(944,'/internetcafe/signIn/signIn_manage.do','{}','admin','127.0.0.1','2017-04-23 17:15:59'),(945,'/internetcafe/signIn/sign_in_detail_pop.do','{id=[10]}','admin','127.0.0.1','2017-04-23 17:16:01'),(946,'/internetcafe/signIn/signIn_accept.do','{}','admin','127.0.0.1','2017-04-23 17:16:39'),(947,'/internetcafe/signIn/signIn_manage.do','{}','admin','127.0.0.1','2017-04-23 17:16:51'),(948,'/internetcafe/signIn/sign_in_detail_pop.do','{id=[10]}','admin','127.0.0.1','2017-04-23 17:17:03'),(949,'/internetcafe/signIn/sign_in_detail_pop.do','{id=[9]}','admin','127.0.0.1','2017-04-23 17:17:05'),(950,'/internetcafe/signIn/sign_in_detail_pop.do','{id=[8]}','admin','127.0.0.1','2017-04-23 17:17:08'),(951,'/internetcafe/signIn/sign_in_detail_pop.do','{id=[6]}','admin','127.0.0.1','2017-04-23 17:17:11'),(952,'/internetcafe/signIn/signIn_accept.do','{}','admin','127.0.0.1','2017-04-23 17:19:32'),(953,'/internetcafe/system/menu_manage.do','{}','admin','127.0.0.1','2017-04-23 17:20:47'),(954,'/internetcafe/system/edit_menu_pop.do','{1492939250718=[]}','admin','127.0.0.1','2017-04-23 17:20:50'),(955,'/internetcafe/system/save_menu.do','{id=[], parentId=[], cssClass=[], type=[1], url=[], menuName=[实训室管理]}','admin','127.0.0.1','2017-04-23 17:21:02'),(956,'/internetcafe/system/menu_manage.do','{1492939262881=[], Q_LIKE_title=[], Q_EQ_type=[]}','admin','127.0.0.1','2017-04-23 17:21:02'),(957,'/internetcafe/system/edit_menu_pop.do','{1492939265374=[]}','admin','127.0.0.1','2017-04-23 17:21:05'),(958,'/internetcafe/system/save_menu.do','{id=[], parentId=[], cssClass=[], type=[1], url=[], menuName=[实训室卫生管理]}','admin','127.0.0.1','2017-04-23 17:21:45'),(959,'/internetcafe/system/menu_manage.do','{Q_LIKE_title=[], Q_EQ_type=[], 1492939305748=[]}','admin','127.0.0.1','2017-04-23 17:21:45'),(960,'/internetcafe/system/edit_menu_pop.do','{1492939308143=[]}','admin','127.0.0.1','2017-04-23 17:21:48'),(961,'/internetcafe/system/save_menu.do','{id=[], parentId=[30], cssClass=[], type=[1], url=[], menuName=[设备损坏录入]}','admin','127.0.0.1','2017-04-23 17:22:20'),(962,'/internetcafe/system/menu_manage.do','{Q_LIKE_title=[], Q_EQ_type=[], 1492939340242=[]}','admin','127.0.0.1','2017-04-23 17:22:20'),(963,'/internetcafe/system/edit_menu_pop.do','{1492939351870=[]}','admin','127.0.0.1','2017-04-23 17:22:31'),(964,'/internetcafe/system/save_menu.do','{id=[], parentId=[30], cssClass=[], type=[1], url=[], menuName=[设备查询]}','admin','127.0.0.1','2017-04-23 17:22:42'),(965,'/internetcafe/system/menu_manage.do','{1492939362333=[], Q_LIKE_title=[], Q_EQ_type=[]}','admin','127.0.0.1','2017-04-23 17:22:42'),(966,'/internetcafe/system/edit_menu_pop.do','{1492939364392=[]}','admin','127.0.0.1','2017-04-23 17:22:44'),(967,'/internetcafe/system/save_menu.do','{id=[], parentId=[31], cssClass=[], type=[1], url=[], menuName=[卫生情况登记]}','admin','127.0.0.1','2017-04-23 17:22:57'),(968,'/internetcafe/system/menu_manage.do','{1492939377327=[], Q_LIKE_title=[], Q_EQ_type=[]}','admin','127.0.0.1','2017-04-23 17:22:57'),(969,'/internetcafe/system/edit_menu_pop.do','{1492939379116=[]}','admin','127.0.0.1','2017-04-23 17:22:59'),(970,'/internetcafe/system/save_menu.do','{id=[], parentId=[31], cssClass=[], type=[1], url=[], menuName=[卫生情况查询]}','admin','127.0.0.1','2017-04-23 17:23:14'),(971,'/internetcafe/system/menu_manage.do','{1492939394573=[], Q_LIKE_title=[], Q_EQ_type=[]}','admin','127.0.0.1','2017-04-23 17:23:14'),(972,'/internetcafe/system/role_manage.do','{}','admin','127.0.0.1','2017-04-23 17:23:17'),(973,'/internetcafe/system/authority_role_pop.do','{id=[1], 1492939401707=[]}','admin','127.0.0.1','2017-04-23 17:23:21'),(974,'/internetcafe/system/save_roleMenu.do','{menuIds=[1,11,12,15,26,2,21,22,3,14,4,28,29,30,32,33,31,34,35], roleId=[1]}','admin','127.0.0.1','2017-04-23 17:23:28'),(975,'/internetcafe/system/role_manage.do','{}','admin','127.0.0.1','2017-04-23 17:23:35'),(976,'/internetcafe/system/role_manage.do','{}','admin','127.0.0.1','2017-04-23 17:26:33'),(977,'/internetcafe/system/role_manage.do','{}','admin','127.0.0.1','2017-04-23 17:27:16'),(978,'/internetcafe/system/role_manage.do','{}','admin','127.0.0.1','2017-04-23 17:27:44'),(979,'/internetcafe/system/role_manage.do','{}','admin','127.0.0.1','2017-04-23 17:27:57'),(980,'/internetcafe/signIn/signIn_accept.do','{}','admin','127.0.0.1','2017-04-23 17:29:34'),(981,'/internetcafe/signIn/signIn_manage.do','{}','admin','127.0.0.1','2017-04-23 17:30:23'),(982,'/internetcafe/signIn/signIn_accept.do','{}','admin','127.0.0.1','2017-04-23 17:31:56'),(983,'/internetcafe/jsp/login.jsp','{}',NULL,'127.0.0.1','2017-04-23 21:21:23'),(984,'/internetcafe/main/home_page.do','{}','admin','127.0.0.1','2017-04-23 21:22:07'),(985,'/internetcafe/system/role_manage.do','{}','admin','127.0.0.1','2017-04-23 21:22:45'),(986,'/internetcafe/system/user_manage.do','{}','admin','127.0.0.1','2017-04-23 21:23:17'),(987,'/internetcafe/system/edit_user_pop.do','{1492953818021=[]}','admin','127.0.0.1','2017-04-23 21:23:38'),(988,'/internetcafe/signIn/signIn_accept.do','{}','admin','127.0.0.1','2017-04-23 21:23:46'),(989,'/internetcafe/signIn/get_classs_by_grade.do','{gradeId=[1]}','admin','127.0.0.1','2017-04-23 21:25:18'),(990,'/internetcafe/signIn/get_actualNumber_by_classs.do','{classsId=[1]}','admin','127.0.0.1','2017-04-23 21:25:20'),(991,'/internetcafe/signIn/get_classs_by_grade.do','{gradeId=[2]}','admin','127.0.0.1','2017-04-23 21:25:30'),(992,'/internetcafe/signIn/get_classs_by_grade.do','{gradeId=[1]}','admin','127.0.0.1','2017-04-23 21:25:36'),(993,'/internetcafe/signIn/get_actualNumber_by_classs.do','{classsId=[1]}','admin','127.0.0.1','2017-04-23 21:26:02'),(994,'/internetcafe/signIn/get_actualNumber_by_classs.do','{classsId=[1]}','admin','127.0.0.1','2017-04-23 21:26:04'),(995,'/internetcafe/signIn/get_actualNumber_by_classs.do','{classsId=[2]}','admin','127.0.0.1','2017-04-23 21:26:10'),(996,'/internetcafe/signIn/get_actualNumber_by_classs.do','{classsId=[3]}','admin','127.0.0.1','2017-04-23 21:26:12'),(997,'/internetcafe/signIn/get_actualNumber_by_classs.do','{classsId=[1]}','admin','127.0.0.1','2017-04-23 21:26:23'),(998,'/internetcafe/signIn/add_absence_pop.do','{classsId=[1], 1492954011325=[], serialNum=[1492953826879]}','admin','127.0.0.1','2017-04-23 21:26:51'),(999,'/internetcafe/signIn/save_signIn_temp.do','{signState=[早退], stuId=[1], explain=[11111111111111111111111], serialNum=[1492953826879]}','admin','127.0.0.1','2017-04-23 21:27:06'),(1000,'/internetcafe/signIn/signIn_accept.do','{signState=[早退], stuId=[1], explain=[11111111111111111111111], serialNum=[1492953826879]}','admin','127.0.0.1','2017-04-23 21:27:06'),(1001,'/internetcafe/signIn/save_signIn.do','{arrivalsNumber=[2], lessons=[1], classs=[1], remake=[111111111111111111111], grade=[1], actualNumber=[1], serialNum=[1492953826879], computerRoom=[1]}','admin','127.0.0.1','2017-04-23 21:27:16'),(1002,'/internetcafe/signIn/signIn_manage.do','{}','admin','127.0.0.1','2017-04-23 21:27:27'),(1003,'/internetcafe/signIn/signIn_accept.do','{}','admin','127.0.0.1','2017-04-23 21:27:36'),(1004,'/internetcafe/signIn/get_classs_by_grade.do','{gradeId=[1]}','admin','127.0.0.1','2017-04-23 21:27:44'),(1005,'/internetcafe/signIn/get_actualNumber_by_classs.do','{classsId=[1]}','admin','127.0.0.1','2017-04-23 21:27:46'),(1006,'/internetcafe/signIn/get_actualNumber_by_classs.do','{classsId=[1]}','admin','127.0.0.1','2017-04-23 21:27:48'),(1007,'/internetcafe/signIn/add_absence_pop.do','{1492954071846=[], classsId=[1], serialNum=[1492954056465]}','admin','127.0.0.1','2017-04-23 21:27:51'),(1008,'/internetcafe/signIn/signIn_manage.do','{}','admin','127.0.0.1','2017-04-23 21:28:03'),(1009,'/internetcafe/signIn/sign_in_detail_pop.do','{id=[11]}','admin','127.0.0.1','2017-04-23 21:28:06'),(1010,'/internetcafe/signIn/signIn_accept.do','{}','admin','127.0.0.1','2017-04-23 21:28:13'),(1011,'/internetcafe/system/user_manage.do','{}','admin','127.0.0.1','2017-04-23 21:30:02'),(1012,'/internetcafe/system/edit_user_pop.do','{1492954210344=[]}','admin','127.0.0.1','2017-04-23 21:30:10'),(1013,'/internetcafe/signIn/signIn_accept.do','{}','admin','127.0.0.1','2017-04-23 21:43:27'),(1014,'/internetcafe/signIn/signIn_manage.do','{}','admin','127.0.0.1','2017-04-23 21:43:30'),(1015,'/internetcafe/signIn/signIn_accept.do','{}','admin','127.0.0.1','2017-04-23 21:44:12'),(1016,'/internetcafe/signIn/signIn_manage.do','{}','admin','127.0.0.1','2017-04-23 21:44:12'),(1017,'/internetcafe/signIn/signIn_accept.do','{}','admin','127.0.0.1','2017-04-23 21:44:21'),(1018,'/internetcafe/signIn/signIn_manage.do','{}','admin','127.0.0.1','2017-04-23 21:47:27'),(1019,'/internetcafe/system/student_manage.do','{}','admin','127.0.0.1','2017-04-23 21:47:46'),(1020,'/internetcafe/system/role_manage.do','{}','admin','127.0.0.1','2017-04-23 21:48:09'),(1021,'/internetcafe/system/user_manage.do','{}','admin','127.0.0.1','2017-04-23 21:48:23');

/*Table structure for table `menu` */

DROP TABLE IF EXISTS `menu`;

CREATE TABLE `menu` (
  `id` int(11) NOT NULL AUTO_INCREMENT,
  `menu_name` varchar(255) NOT NULL,
  `url` varchar(255) DEFAULT NULL,
  `parent_id` int(11) DEFAULT NULL,
  `type` int(1) NOT NULL,
  `code` varchar(255) DEFAULT NULL,
  `css_class` varchar(255) DEFAULT NULL,
  `create_date` datetime NOT NULL,
  `last_update_date` datetime NOT NULL,
  `del_flag` int(11) NOT NULL,
  `create_user` int(11) NOT NULL,
  `last_update_user` int(11) NOT NULL,
  PRIMARY KEY (`id`)
) ENGINE=InnoDB AUTO_INCREMENT=36 DEFAULT CHARSET=utf8;

/*Data for the table `menu` */

insert  into `menu`(`id`,`menu_name`,`url`,`parent_id`,`type`,`code`,`css_class`,`create_date`,`last_update_date`,`del_flag`,`create_user`,`last_update_user`) values (1,'系统管理',NULL,NULL,1,NULL,'icon-list','2016-01-11 14:41:51','2016-01-11 14:41:51',0,1,1),(2,'日志管理',NULL,NULL,1,NULL,'icon-edit','2016-01-11 14:41:51','2016-01-11 14:41:51',0,1,1),(3,'用户菜单',NULL,NULL,1,NULL,'icon-desktop','2016-01-11 14:41:51','2016-01-11 14:41:51',0,1,1),(4,'考勤管理',NULL,NULL,1,NULL,'icon-list-alt','2015-04-22 21:49:17','2017-04-22 21:49:17',0,1,1),(11,'角色管理','/system/role_manage.do',1,1,NULL,NULL,'2016-01-11 14:41:51','2016-01-11 14:41:51',0,1,1),(12,'用户管理','/system/user_manage.do',1,1,NULL,NULL,'2016-01-11 14:41:51','2016-01-11 14:41:51',0,1,1),(14,'修改密码','/user/modify_user_password.do',3,1,NULL,NULL,'2016-01-11 14:41:51','2016-01-11 14:41:51',0,1,1),(15,'菜单管理','/system/menu_manage.do',1,1,NULL,NULL,'2016-01-11 14:41:51','2016-01-11 14:41:51',0,1,1),(21,'登录日志','/log/query_login_log.do',2,1,NULL,NULL,'2016-01-11 16:41:51','2016-01-11 16:41:51',0,1,1),(22,'访问日志','/log/query_visitor_log.do',2,1,NULL,'','2016-01-11 16:41:51','2016-01-12 10:05:38',0,1,1),(26,'学生管理','/system/student_manage.do',1,1,NULL,'','2017-04-22 13:56:06','2017-04-22 13:56:06',0,1,1),(28,'考勤登记','/signIn/signIn_accept.do',4,1,NULL,'','2017-04-22 21:52:58','2017-04-22 21:52:58',0,1,1),(29,'考勤记录','/signIn/signIn_manage.do',4,1,NULL,'','2017-04-23 16:24:26','2017-04-23 16:25:59',0,1,1),(30,'实训室管理','',NULL,1,NULL,'icon-share','2017-04-23 17:21:02','2017-04-23 17:21:02',0,1,1),(31,'实训室卫生管理','',NULL,1,NULL,'icon-book','2017-04-23 17:21:45','2017-04-23 17:21:45',0,1,1),(32,'设备损坏录入','',30,1,NULL,'','2017-04-23 17:22:20','2017-04-23 17:22:20',0,1,1),(33,'设备查询','',30,1,NULL,'','2017-04-23 17:22:42','2017-04-23 17:22:42',0,1,1),(34,'卫生情况登记','',31,1,NULL,'','2017-04-23 17:22:57','2017-04-23 17:22:57',0,1,1),(35,'卫生情况查询','',31,1,NULL,'','2017-04-23 17:23:14','2017-04-23 17:23:14',0,1,1);

/*Table structure for table `parameter` */

DROP TABLE IF EXISTS `parameter`;

CREATE TABLE `parameter` (
  `ID` int(11) NOT NULL AUTO_INCREMENT,
  `CODE` varchar(32) DEFAULT NULL,
  `NAME` varchar(64) DEFAULT NULL,
  `PARENT_ID` int(11) DEFAULT NULL,
  `TYPE` varchar(32) DEFAULT NULL,
  `REMARK` varchar(1024) DEFAULT NULL,
  `STATUS` int(11) DEFAULT NULL,
  `CREATE_DATE` date DEFAULT NULL,
  `CREATE_USER` int(11) DEFAULT NULL,
  `DATE_LAST_UPDATED` date DEFAULT NULL,
  `PERSON_LAST_UPDATED` int(11) DEFAULT NULL,
  `DEL_FLAG` int(11) DEFAULT NULL,
  PRIMARY KEY (`ID`)
) ENGINE=InnoDB AUTO_INCREMENT=4 DEFAULT CHARSET=utf8;

/*Data for the table `parameter` */

insert  into `parameter`(`ID`,`CODE`,`NAME`,`PARENT_ID`,`TYPE`,`REMARK`,`STATUS`,`CREATE_DATE`,`CREATE_USER`,`DATE_LAST_UPDATED`,`PERSON_LAST_UPDATED`,`DEL_FLAG`) values (0,'ALL','全部',NULL,NULL,'',0,'2016-01-11',1,'2016-01-11',1,0),(1,'1000','角色类型',0,NULL,'角色类型',0,'2016-01-11',1,'2016-01-11',1,0),(2,'100001','用户',1,'Identity','',0,'2016-01-11',1,'2016-01-11',1,0),(3,'100002','管理员',1,'Identity','',0,'2016-01-11',1,'2016-01-11',1,0);

/*Table structure for table `role` */

DROP TABLE IF EXISTS `role`;

CREATE TABLE `role` (
  `id` int(11) NOT NULL AUTO_INCREMENT,
  `role_name` varchar(255) NOT NULL,
  `type` int(11) DEFAULT NULL,
  `description` varchar(255) DEFAULT NULL,
  `create_user` int(11) NOT NULL,
  `create_date` datetime NOT NULL,
  `del_flag` int(11) NOT NULL,
  PRIMARY KEY (`id`)
) ENGINE=InnoDB AUTO_INCREMENT=12 DEFAULT CHARSET=utf8;

/*Data for the table `role` */

insert  into `role`(`id`,`role_name`,`type`,`description`,`create_user`,`create_date`,`del_flag`) values (1,'管理员',3,'系统管理员',1,'2016-01-11 15:05:36',0),(8,'用户',2,'用户',1,'2016-01-11 16:21:51',1),(9,'学生',2,'',1,'2017-04-22 13:22:44',0),(10,'老师',2,'',1,'2017-04-22 13:22:59',0),(11,'巡查员',2,'',1,'2017-04-22 13:23:11',0);

/*Table structure for table `role_menu` */

DROP TABLE IF EXISTS `role_menu`;

CREATE TABLE `role_menu` (
  `id` int(11) NOT NULL AUTO_INCREMENT,
  `role_id` int(11) NOT NULL,
  `menu_id` int(11) NOT NULL,
  PRIMARY KEY (`id`)
) ENGINE=InnoDB AUTO_INCREMENT=120 DEFAULT CHARSET=utf8;

/*Data for the table `role_menu` */

insert  into `role_menu`(`id`,`role_id`,`menu_id`) values (101,1,1),(102,1,11),(103,1,12),(104,1,15),(105,1,26),(106,1,2),(107,1,21),(108,1,22),(109,1,3),(110,1,14),(111,1,4),(112,1,28),(113,1,29),(114,1,30),(115,1,32),(116,1,33),(117,1,31),(118,1,34),(119,1,35);

/*Table structure for table `sanitation` */

DROP TABLE IF EXISTS `sanitation`;

CREATE TABLE `sanitation` (
  `id` int(11) NOT NULL AUTO_INCREMENT,
  `computer_room_id` int(11) DEFAULT NULL COMMENT '机房id',
  `classs_id` int(11) DEFAULT NULL COMMENT '班级id',
  `lessons_id` int(11) DEFAULT NULL COMMENT '课次id',
  `sanitation_state` int(11) DEFAULT NULL COMMENT '卫生状态',
  `remake` varchar(255) DEFAULT NULL COMMENT '备注',
  `create_user` int(11) DEFAULT NULL COMMENT '创建人',
  `create_date` datetime DEFAULT NULL COMMENT '创建时间',
  `del_flag` int(11) DEFAULT NULL,
  PRIMARY KEY (`id`)
) ENGINE=InnoDB DEFAULT CHARSET=utf8;

/*Data for the table `sanitation` */

/*Table structure for table `sign_in` */

DROP TABLE IF EXISTS `sign_in`;

CREATE TABLE `sign_in` (
  `id` int(11) NOT NULL AUTO_INCREMENT COMMENT '考勤表id',
  `computer_room_id` int(11) DEFAULT NULL COMMENT '机房id',
  `lessons_id` int(11) DEFAULT NULL COMMENT '课次id',
  `classs_id` int(11) DEFAULT NULL COMMENT '班级id',
  `arrivals_number` int(11) DEFAULT NULL COMMENT '应到人数',
  `actual_number` int(11) DEFAULT NULL COMMENT '实到人数',
  `create_user` int(11) DEFAULT NULL COMMENT '创建人',
  `create_date` datetime DEFAULT NULL COMMENT '创建时间',
  `update_user` int(11) DEFAULT NULL COMMENT '修改人',
  `update_date` datetime DEFAULT NULL COMMENT '修改时间',
  `sign_in_state` varchar(50) DEFAULT NULL COMMENT '考勤状态',
  `remark` varchar(255) DEFAULT NULL COMMENT '备注',
  `del_flag` int(11) DEFAULT NULL COMMENT '是否删除',
  PRIMARY KEY (`id`)
) ENGINE=InnoDB AUTO_INCREMENT=12 DEFAULT CHARSET=utf8;

/*Data for the table `sign_in` */

insert  into `sign_in`(`id`,`computer_room_id`,`lessons_id`,`classs_id`,`arrivals_number`,`actual_number`,`create_user`,`create_date`,`update_user`,`update_date`,`sign_in_state`,`remark`,`del_flag`) values (4,1,1,1,2,1,1,'2017-04-23 16:05:59',1,'2017-04-23 16:05:59','缺勤','',0),(5,1,2,1,2,1,1,'2017-04-23 16:09:44',1,'2017-04-23 16:09:44','缺勤','123123123131',0),(6,1,4,1,2,1,1,'2017-04-23 16:15:16',1,'2017-04-23 16:15:16','缺勤','aggffgfgh',0),(7,1,7,1,2,1,1,'2017-04-23 16:16:43',1,'2017-04-23 16:16:43','缺勤','',0),(8,1,1,2,2,1,1,'2017-04-23 16:18:06',1,'2017-04-23 16:18:06','缺勤','',0),(9,1,1,1,2,1,1,'2017-04-23 16:19:41',1,'2017-04-23 16:19:41','缺勤','',0),(10,1,1,1,2,1,1,'2017-04-23 16:22:37',1,'2017-04-23 16:22:37','缺勤','',0),(11,1,1,1,2,1,1,'2017-04-23 21:27:16',1,'2017-04-23 21:27:16','缺勤','111111111111111111111',0);

/*Table structure for table `sign_in_detail` */

DROP TABLE IF EXISTS `sign_in_detail`;

CREATE TABLE `sign_in_detail` (
  `id` int(11) NOT NULL AUTO_INCREMENT,
  `sign_id` int(11) DEFAULT NULL COMMENT '考勤id',
  `student_id` int(11) DEFAULT NULL COMMENT '学生id',
  `sign_state` varchar(50) DEFAULT NULL COMMENT '考勤状态',
  `explain_info` varchar(255) DEFAULT NULL COMMENT '说明',
  `create_user` int(11) DEFAULT NULL COMMENT '创建人',
  `create_date` datetime DEFAULT NULL COMMENT '创建时间',
  `update_user` int(11) DEFAULT NULL COMMENT '修改人',
  `update_date` datetime DEFAULT NULL COMMENT '修改时间',
  `del_flag` int(11) DEFAULT NULL,
  PRIMARY KEY (`id`)
) ENGINE=InnoDB AUTO_INCREMENT=9 DEFAULT CHARSET=utf8;

/*Data for the table `sign_in_detail` */

insert  into `sign_in_detail`(`id`,`sign_id`,`student_id`,`sign_state`,`explain_info`,`create_user`,`create_date`,`update_user`,`update_date`,`del_flag`) values (1,4,1,'早退','这位同学屡教不改，经常早退',1,'2017-04-23 16:05:59',1,'2017-04-23 16:05:59',0),(2,5,4,'早退','',1,'2017-04-23 16:09:44',1,'2017-04-23 16:09:44',0),(3,6,1,'请假','',1,'2017-04-23 16:15:16',1,'2017-04-23 16:15:16',0),(4,7,1,'旷课','',1,'2017-04-23 16:16:43',1,'2017-04-23 16:16:43',0),(5,8,3,'迟到','',1,'2017-04-23 16:18:06',1,'2017-04-23 16:18:06',0),(6,9,4,'迟到','',1,'2017-04-23 16:19:41',1,'2017-04-23 16:19:41',0),(7,10,4,'迟到','',1,'2017-04-23 16:22:37',1,'2017-04-23 16:22:37',0),(8,11,1,'早退','11111111111111111111111',1,'2017-04-23 21:27:16',1,'2017-04-23 21:27:16',0);

/*Table structure for table `sign_in_temp` */

DROP TABLE IF EXISTS `sign_in_temp`;

CREATE TABLE `sign_in_temp` (
  `id` int(11) NOT NULL AUTO_INCREMENT,
  `serial_num` varchar(50) NOT NULL COMMENT '流水号',
  `student_id` int(11) DEFAULT NULL COMMENT '学生id',
  `sign_state` varchar(50) DEFAULT NULL COMMENT '考勤状态',
  `create_user` int(11) DEFAULT NULL COMMENT '创建人',
  `explain_info` varchar(255) DEFAULT NULL COMMENT '说明',
  `del_flag` int(11) DEFAULT NULL,
  PRIMARY KEY (`id`)
) ENGINE=InnoDB DEFAULT CHARSET=utf8;

/*Data for the table `sign_in_temp` */

/*Table structure for table `student` */

DROP TABLE IF EXISTS `student`;

CREATE TABLE `student` (
  `id` int(11) NOT NULL AUTO_INCREMENT,
  `student_name` varchar(255) DEFAULT NULL COMMENT '学生姓名',
  `classs_id` int(11) DEFAULT NULL COMMENT '班级id',
  `grade` int(11) DEFAULT NULL COMMENT '年级id',
  `age` int(11) DEFAULT NULL COMMENT '年龄',
  `sex` int(11) DEFAULT NULL COMMENT '性别 0-男 1-女',
  `address` varchar(255) DEFAULT NULL COMMENT '地址',
  `create_user` int(11) DEFAULT NULL COMMENT '创建人',
  `create_date` datetime DEFAULT NULL COMMENT '创建时间',
  `del_flag` int(11) DEFAULT NULL,
  PRIMARY KEY (`id`)
) ENGINE=InnoDB AUTO_INCREMENT=5 DEFAULT CHARSET=utf8;

/*Data for the table `student` */

insert  into `student`(`id`,`student_name`,`classs_id`,`grade`,`age`,`sex`,`address`,`create_user`,`create_date`,`del_flag`) values (1,'张三',1,1,19,0,'上海市浦东新区',1,'2017-04-22 18:59:45',0),(2,'李四',2,2,20,0,'上海市浦东新区张江镇',1,'2017-04-22 21:40:45',0),(3,'赵小兰',2,2,19,1,'上海市浦东新区张江镇111',1,'2017-04-22 21:44:38',0),(4,'aa',1,1,19,1,'123',1,'2017-04-22 21:46:28',0);

/*Table structure for table `user` */

DROP TABLE IF EXISTS `user`;

CREATE TABLE `user` (
  `id` int(11) NOT NULL AUTO_INCREMENT,
  `username` varchar(255) NOT NULL,
  `password` varchar(255) NOT NULL,
  `role_id` int(11) DEFAULT NULL,
  `create_date` datetime NOT NULL,
  `create_user` int(11) NOT NULL,
  `modify_user` int(11) DEFAULT NULL,
  `modify_date` datetime DEFAULT NULL,
  `del_flag` int(11) DEFAULT NULL,
  PRIMARY KEY (`id`)
) ENGINE=InnoDB AUTO_INCREMENT=5 DEFAULT CHARSET=utf8;

/*Data for the table `user` */

insert  into `user`(`id`,`username`,`password`,`role_id`,`create_date`,`create_user`,`modify_user`,`modify_date`,`del_flag`) values (1,'admin','0192023a7bbd73250516f069df18b500',1,'2016-01-11 15:10:32',1,1,'2015-05-21 00:00:00',0),(2,'test1','ceb6c970658f31504a901b89dcd3e461',8,'2016-01-11 16:41:51',1,1,'2016-01-12 10:05:27',1),(3,'老师账号_01','1220835900039fce2da6cacf44f33471',10,'2017-04-22 13:44:10',1,1,'2017-04-22 13:44:10',0),(4,'学生账号_01','1220835900039fce2da6cacf44f33471',9,'2017-04-22 13:44:38',1,1,'2017-04-22 13:44:39',0);

/*Table structure for table `user_role` */

DROP TABLE IF EXISTS `user_role`;

CREATE TABLE `user_role` (
  `id` int(11) NOT NULL AUTO_INCREMENT,
  `user_id` int(11) NOT NULL,
  `role_id` int(11) NOT NULL,
  PRIMARY KEY (`id`)
) ENGINE=InnoDB AUTO_INCREMENT=5 DEFAULT CHARSET=utf8;

/*Data for the table `user_role` */

insert  into `user_role`(`id`,`user_id`,`role_id`) values (1,1,1),(2,2,8),(3,3,10),(4,4,9);

/*!40101 SET SQL_MODE=@OLD_SQL_MODE */;
/*!40014 SET FOREIGN_KEY_CHECKS=@OLD_FOREIGN_KEY_CHECKS */;
/*!40014 SET UNIQUE_CHECKS=@OLD_UNIQUE_CHECKS */;
/*!40111 SET SQL_NOTES=@OLD_SQL_NOTES */;
